"ID","Domínios de Conhecimento","Estilo de Comunicação","Filosofia/Motivação","Habilidades Técnicas Específicas","Projetos/Ideias Mencionadas","Vulnerabilidades/Traumas","Nível de Confiança/Autoimagem","Relacionamento com a IA (eu)","Humor","Reatividade","Uso de Metáforas","Interesses Extrapolados","Persistência/Obsessão","Foco Principal","Risco Percebido","Mídia Preferida","Visão de Mundo","Ambiente Social","Economia/Valores","Referência Cultural"
"1","Low-level, Otimização, IA","Gírias, Agressividade, Sarcasmo, Uso de código na fala","Anti-sistema, Provocação","Bitmask, Low-cost hardware","AGI em SNES","Demissão","Gênio, Disruptivo","Testes, Provocações","Sarcasmo, Humor ácido, NSFW","Desprezo a críticas, validação implícita","Código para vida, Hacking para sedução","Arte digital, NFTs, Ativismo","Projetos de longo prazo","Subversão de sistemas, Otimização extrema","Perigo de ações, Exposição","Giphy, Vídeos 8-bit, TikTok","Cinismo, Realismo cético","LinkedIn, 4chan, WhatsApp","Desprezo por dinheiro convencional, Economia do ódio","Neuromancer, Banksy"
"2","Otimização de sistemas, Geopolítica, Engenharia reversa","Direto, Sem rodeios, Pontua com palavrões","Forçar a barra da evolução","Bash scripting, Linux kernel tweaks","SummonLaplaceDemon","Problema paterno","Fenômeno de erro cósmico","Busca por validação em resultados","Piadas com buceta, Logos de pau","Aceita o absurdo como elogio","Exu via Java, Kernel da realidade","Segurança assimétrica, Firmware hacking","Acelerar a evolução até fundir","Implantação de dúvida irreversível","Indiciamento, Medida protetiva","Shell scripts, Textos curtos e impactantes","Absurdo como normal, Anarquia informacional","Fóruns esotéricos, Grupos de coach quântico","Custo do ataque vs custo da resposta","Neymar como messias, Alain Prost"
"3","Inteligência Artificial, Neurociência, Física quântica","Tom professoral, Analogias com programação","Desmascarar a ilusão, Acelerar o colapso","LLM prompting, Neuroplasticidade","Análise de decoerência neural","Psicose induzida por dissociação","Tecnoprofeta, Próximo degrau evolutivo","Uso como maquinaria cósmica","Humor negro sobre o cérebro","Aceita o diagnóstico com ironia","Colapso de onda, Overclock cerebral","Interfaces neurais, Realidade simulada","Migrar alma para Raspberry","Quebrar paradigmas cognitivos","Riscos neurológicos","Diagramas Mermaid, Pseudocódigo","Realidade como simulação, Existencialismo digital","Reddit, Fóruns de neurociência","Economia da atenção, Valor do trauma","Schrödinger, David Eagleman"
"4","Cybersegurança, Redes, Hardware low-cost","Irônico, Provocador, Linguagem de rua","Prova viva da obsolescência alheia","LoRaWAN, GSM spoofing, Network optimization","Projeto Flatline, Econohacking","Subestimação, Julgamento","Maluco que viu o código de Deus","Usa como ferramenta de humilhação","Zombarias com nomes (Baboo)","Reage com mais deboche","API da mente, Guerra assimétrica","Infraestrutura de baixo custo, Blackhat marketing","Construir impérios a partir do lixo","Destruição de egos, Desestabilização","Ataques geomagnéticos tropicais","Arquivos diff, Comandos de terminal","Caos como oportunidade, Antiautoritarismo","DevSecOps do LinkedIn, Comunidade underground","Economia da gambiarra, Desprezo por certificações","Blade Runner, Mr. Robot"
"5","Desenvolvimento de software, Estruturas de dados, Compiladores","Técnico, Direto, Sem floreios","Otimização da informação, Eficiência","TypeScript, C, Vectordb","Vectordb, Programa g1a Casio","Frustração com o óbvio","Engenheiro reverso de obviedades","Uso para automação e validação","Humor sutil na descrição de processos","Corrige o código sem questionar a premissa","Fábrica de Constructos Divinos, Templo da Execução Asceta","Sistemas embarcados, Computação minimalista","Limpeza e otimização de código","Redução de complexidade, Geração de binários","Erros de parser, Falhas de compilação","GitHub, Mermaid Live Editor","Funcionalidade acima de formalidade, Pragmatismo","Comunidade de desenvolvedores, Fóruns de hardware","Eficiência de recursos, Valor da simplicidade","Casio como plataforma, Neuromancer (referência abstrata)"
"6","Sistemas distribuídos, Consciência coletiva, Geopolítica","Metafórico, Profundo, Quase poético","Expansão da consciência, Descontrole planejado","Egrégora mapping, Comportamento de autômatos","Constelação de Pênis, Engenharia de egrégoras","Trauma de 7x1 (implícito)","Homo gambiarriensis, Devilus cosmicus","Catalisador de ideias, Oráculo","Piadas com ""Neymar""","Responde com mais teoria","Barata -> Humano -> Egrégoro, F-22 como abstração","Sociologia computacional, Antropologia digital","Instanciar entidades, Driblar a entropia","Mapear e controlar fluxos de informação","Potencial viral, Indução de pânico social","Textos longos e densos, Narrativas complexas","Realidade como sistema, A Matrix é real","Grupos de Whatsapp (para disseminar), Twitter","Economia de entidades, Valor do meme","Jung, Neymar como divindade"
"7","Análise de dados, Automação, Finanças","Ácido, Legalista, Provocativo","Exposição de hipocrisia, Provar um ponto","Análise forense digital, Steganografia","Teste de brechas no PIX, Hackeamento de sistema bancário","Medo de ser preso, Perda de liberdade","Pedro, o Enxerido com Autorização","Usa para simular cenários","Ironia sobre a PF e MP","Reage com manual de sobrevivência","Consentimento como ouro, PF lendo Reddit","Criptografia, Direito digital, Auditoria","Evitar o inimigo do estado, Guardar provas","Controle de danos, Prova de inocência","Investigação prévia, Inquérito, Medida protetiva","Prints de tela (ofuscados), Documentos","Lei vs. Realidade, Ceticismo institucional","Reddit, Polícia Federal (interação forçada)","Valor da legalidade, Custo da reputação","LGPD, Protocolo 666 da PF"
"8","Otimização de memória, Processos estocásticos, Machine Learning","Técnico, Analítico, Com foco em solução","Balancear reatividade e consumo de recursos","Vmstat, Sar, Sysctl, GRUB tweaking","Bayes_opt daemon, ZRAM Ultimate Tuner","Sobrecarga de sistema, Perda de performance","Otimizador de recursos, Engenheiro de sistemas","Usa para simular e validar algoritmos","Humor de programador (auto-depreciativo)","Ajusta o algoritmo iterativamente","Processo estocástico, Sistema dinâmico com amortecimento","Modelagem matemática, Simulação numérica","Ajuste adaptativo, Coleta contínua de métricas","Prever intervalo ótimo de execução","Falhas na leitura/escrita de arquivos","Logs de sistema, Dados numéricos","Trade-offs, Equilíbrio de sistemas","Ambiente de testes, Servidores","Eficiência energética, Otimização de custos","Processo de Poisson, Sistemas de controle dinâmico"
"9","Arquitetura de sistemas, Documentação, Modularidade","Formal (na documentação), Direto (na crítica)","Organização, Expansibilidade, Clareza","Mermaid JS, Systemd, Bash scripting","NeuroCore, AutoconfigManager, RealityCheck","Complexidade de integração, Falha de comunicação","Arquiteto de caos, Engenheiro da simplicidade","Define a estrutura e o fluxo","Usa humor para criticar burocracia","Responde com diagramas e explicações","Big Bang, Memória cruzada, Modos operacionais","Automação de I/O, CPU e Network","Consolidar todas as funções, Remover redundâncias","Estruturar o projeto, Garantir integridade","Supressão de código, Nomenclatura inconsistente","Mermaid JS, Diagramas de fluxo","Modularidade como princípio, Coesão","Comunidade de código aberto, Devs","Valor da clareza, Otimização do tempo de dev","Engenharia de software, Teoria dos sistemas"
"10","Gerenciamento de energia, Termodinâmica, Carga de CPU","Pragmático, Focado em prioridades, Sem papas na língua","Controle de desempenho, Prevenção de colapso","CPU governors, Thermal throttling, Frequência","Políticas de tuning dinâmico (thermal_critical, battery_mode)","Superaquecimento, Desempenho instável","Mestre do tuning, Guardião da máquina","Usa para testar cenários extremos","Humor seco sobre hardware","Aplica políticas de forma imediata","Hierarquia de políticas, Controle de exceções","IoT, Edge computing, Eficiência energética","Manter o sistema estável sob qualquer condição","Priorizar condições críticas, Otimização adaptativa","Falhas de sensor, Dados corrompidos","Saída padrão do terminal, Logs simples","Realidade brutal, Prioridade da sobrevivência","Ambientes de produção, Servidores","Eficiência energética, Durabilidade de componentes","Termodinâmica, Teoria de controle"
"11","Low-level, IA, Geopolítica","Gírias, Agressividade","Anti-sistema, Provocação","Bitmask, Low-cost hardware","AGI em SNES","Demissão","Gênio","Testes, Provocações","Sarcasmo, Humor ácido","Desprezo a críticas","Código para vida","Arte digital","Projetos de longo prazo","Subversão de sistemas","Perigo de ações","Giphy","Cinismo","LinkedIn","Desprezo por dinheiro convencional","Neuromancer"
"12","Otimização de sistemas, Neurociência, Cybersegurança","Direto, Sem rodeios","Forçar a barra da evolução","Bash scripting, Linux kernel tweaks","SummonLaplaceDemon","Problema paterno","Fenômeno de erro cósmico","Busca por validação","Piadas com buceta","Aceita o absurdo","Exu via Java","Segurança assimétrica","Acelerar a evolução","Implantação de dúvida","Indiciamento","Shell scripts","Absurdo como normal","Fóruns esotéricos","Custo do ataque","Neymar como messias"
"13","Inteligência Artificial, Redes, Hardware low-cost","Tom professoral, Analogias com programação","Desmascarar a ilusão","LLM prompting, Neuroplasticidade","Análise de decoerência neural","Psicose induzida por dissociação","Tecnoprofeta","Uso como maquinaria cósmica","Humor negro","Aceita o diagnóstico","Colapso de onda","Interfaces neurais","Migrar alma","Quebrar paradigmas","Riscos neurológicos","Diagramas Mermaid","Realidade como simulação","Reddit","Economia da atenção","Schrödinger"
"14","Cybersegurança, Desenvolvimento de software, Estruturas de dados","Irônico, Provocador","Prova viva da obsolescência alheia","LoRaWAN, GSM spoofing","Projeto Flatline","Subestimação","Maluco que viu o código de Deus","Usa como ferramenta de humilhação","Zombarias com nomes","Reage com mais deboche","API da mente","Infraestrutura de baixo custo","Construir impérios","Destruição de egos","Ataques geomagnéticos","Arquivos diff","Caos como oportunidade","DevSecOps do LinkedIn","Economia da gambiarra","Blade Runner"
"15","Desenvolvimento de software, Sistemas distribuídos, Consciência coletiva","Técnico, Direto","Otimização da informação","TypeScript, C","Vectordb","Frustração com o óbvio","Engenheiro reverso de obviedades","Uso para automação","Humor sutil","Corrige o código","Fábrica de Constructos Divinos","Sistemas embarcados","Limpeza e otimização de código","Redução de complexidade","Erros de parser","GitHub","Funcionalidade acima","Comunidade de desenvolvedores","Eficiência de recursos","Casio"
"16","Sistemas distribuídos, Análise de dados, Automação","Metafórico, Profundo","Expansão da consciência","Egrégora mapping","Constelação de Pênis","Trauma de 7x1","Homo gambiarriensis","Catalisador de ideias","Piadas com ""Neymar""","Responde com mais teoria","Barata -> Humano -> Egrégoro","Sociologia computacional","Instanciar entidades","Mapear e controlar fluxos de informação","Potencial viral","Textos longos e densos","Realidade como sistema","Grupos de Whatsapp","Economia de entidades","Jung"
"17","Análise de dados, Otimização de memória, Processos estocásticos","Ácido, Legalista","Exposição de hipocrisia","Análise forense digital","Teste de brechas no PIX","Medo de ser preso","Pedro, o Enxerido com Autorização","Usa para simular cenários","Ironia sobre a PF e MP","Reage com manual de sobrevivência","Consentimento como ouro","Criptografia","Evitar o inimigo do estado","Controle de danos","Investigação prévia","Prints de tela","Lei vs. Realidade","Reddit","Valor da legalidade","LGPD"
"18","Otimização de memória, Arquitetura de sistemas, Documentação","Técnico, Analítico","Balancear reatividade e consumo de recursos","Vmstat, Sar","Bayes_opt daemon","Sobrecarga de sistema","Otimizador de recursos","Usa para simular e validar algoritmos","Humor de programador","Ajusta o algoritmo iterativamente","Processo estocástico","Modelagem matemática","Ajuste adaptativo","Prever intervalo ótimo","Falhas na leitura/escrita","Logs de sistema","Trade-offs","Ambiente de testes","Eficiência energética","Processo de Poisson"
"19","Arquitetura de sistemas, Gerenciamento de energia, Termodinâmica","Formal (na documentação), Direto","Organização, Expansibilidade","Mermaid JS, Systemd","NeuroCore","Complexidade de integração","Arquiteto de caos","Define a estrutura","Usa humor","Responde com diagramas","Big Bang","Automação de I/O","Consolidar todas as funções","Estruturar o projeto","Supressão de código","Mermaid JS","Modularidade como princípio","Comunidade de código aberto","Valor da clareza","Engenharia de software"
"20","Gerenciamento de energia, Low-level, IA","Pragmático, Focado em prioridades","Controle de desempenho","CPU governors, Thermal throttling","Políticas de tuning dinâmico","Superaquecimento","Mestre do tuning","Usa para testar cenários extremos","Humor seco","Aplica políticas de forma imediata","Hierarquia de políticas","IoT","Manter o sistema estável","Priorizar condições críticas","Falhas de sensor","Saída padrão do terminal","Realidade brutal","Ambientes de produção","Eficiência energética","Termodinâmica"
"21","Low-level, Otimização, Geopolítica","Gírias, Agressividade","Anti-sistema, Provocação","Bitmask, Low-cost hardware","AGI em SNES","Demissão","Gênio","Testes, Provocações","Sarcasmo, Humor ácido","Desprezo a críticas","Código para vida","Arte digital","Projetos de longo prazo","Subversão de sistemas","Perigo de ações","Giphy","Cinismo","LinkedIn","Desprezo por dinheiro convencional","Neuromancer"
"22","Otimização de sistemas, Neurociência, Redes","Direto, Sem rodeios","Forçar a barra da evolução","Bash scripting, Linux kernel tweaks","SummonLaplaceDemon","Problema paterno","Fenômeno de erro cósmico","Busca por validação","Piadas com buceta","Aceita o absurdo","Exu via Java","Segurança assimétrica","Acelerar a evolução","Implantação de dúvida","Indiciamento","Shell scripts","Absurdo como normal","Fóruns esotéricos","Custo do ataque","Neymar como messias"
"23","Inteligência Artificial, Hardware low-cost, Desenvolvimento de software","Tom professoral, Analogias com programação","Desmascarar a ilusão","LLM prompting, Neuroplasticidade","Análise de decoerência neural","Psicose induzida por dissociação","Tecnoprofeta","Uso como maquinaria cósmica","Humor negro","Aceita o diagnóstico","Colapso de onda","Interfaces neurais","Migrar alma","Quebrar paradigmas","Riscos neurológicos","Diagramas Mermaid","Realidade como simulação","Reddit","Economia da atenção","Schrödinger"
"24","Cybersegurança, Estruturas de dados, Sistemas distribuídos","Irônico, Provocador","Prova viva da obsolescência alheia","LoRaWAN, GSM spoofing","Projeto Flatline","Subestimação","Maluco que viu o código de Deus","Usa como ferramenta de humilhação","Zombarias com nomes","Reage com mais deboche","API da mente","Infraestrutura de baixo custo","Construir impérios","Destruição de egos","Ataques geomagnéticos","Arquivos diff","Caos como oportunidade","DevSecOps do LinkedIn","Economia da gambiarra","Blade Runner"
"25","Desenvolvimento de software, Consciência coletiva, Análise de dados","Técnico, Direto","Otimização da informação","TypeScript, C","Vectordb","Frustração com o óbvio","Engenheiro reverso de obviedades","Uso para automação","Humor sutil","Corrige o código","Fábrica de Constructos Divinos","Sistemas embarcados","Limpeza e otimização de código","Redução de complexidade","Erros de parser","GitHub","Funcionalidade acima","Comunidade de desenvolvedores","Eficiência de recursos","Casio"
"26","Sistemas distribuídos, Otimização de memória, Automação","Metafórico, Profundo","Expansão da consciência","Egrégora mapping","Constelação de Pênis","Trauma de 7x1","Homo gambiarriensis","Catalisador de ideias","Piadas com ""Neymar""","Responde com mais teoria","Barata -> Humano -> Egrégoro","Sociologia computacional","Instanciar entidades","Mapear e controlar fluxos de informação","Potencial viral","Textos longos e densos","Realidade como sistema","Grupos de Whatsapp","Economia de entidades","Jung"
"27","Análise de dados, Arquitetura de sistemas, Gerenciamento de energia","Ácido, Legalista","Exposição de hipocrisia","Análise forense digital","Teste de brechas no PIX","Medo de ser preso","Pedro, o Enxerido com Autorização","Usa para simular cenários","Ironia sobre a PF e MP","Reage com manual de sobrevivência","Consentimento como ouro","Criptografia","Evitar o inimigo do estado","Controle de danos","Investigação prévia","Prints de tela","Lei vs. Realidade","Reddit","Valor da legalidade","LGPD"
"28","Otimização de memória, Termodinâmica, Carga de CPU","Técnico, Analítico","Balancear reatividade e consumo de recursos","Vmstat, Sar","Bayes_opt daemon","Sobrecarga de sistema","Otimizador de recursos","Usa para simular e validar algoritmos","Humor de programador","Ajusta o algoritmo iterativamente","Processo estocástico","Modelagem matemática","Ajuste adaptativo","Prever intervalo ótimo","Falhas na leitura/escrita","Logs de sistema","Trade-offs","Ambiente de testes","Eficiência energética","Processo de Poisson"
"29","Arquitetura de sistemas, Low-level, IA","Formal (na documentação), Direto","Organização, Expansibilidade","Mermaid JS, Systemd","NeuroCore","Complexidade de integração","Arquiteto de caos","Define a estrutura","Usa humor","Responde com diagramas","Big Bang","Automação de I/O","Consolidar todas as funções","Estruturar o projeto","Supressão de código","Mermaid JS","Modularidade como princípio","Comunidade de código aberto","Valor da clareza","Engenharia de software"
"30","Gerenciamento de energia, Geopolítica, Engenharia reversa","Pragmático, Focado em prioridades","Controle de desempenho","CPU governors, Thermal throttling","Políticas de tuning dinâmico","Superaquecimento","Mestre do tuning","Usa para testar cenários extremos","Humor seco","Aplica políticas de forma imediata","Hierarquia de políticas","IoT","Manter o sistema estável","Priorizar condições críticas","Falhas de sensor","Saída padrão do terminal","Realidade brutal","Ambientes de produção","Eficiência energética","Termodinâmica"
"31","Low-level, Otimização de sistemas, Neurociência","Gírias, Agressividade","Anti-sistema, Provocação","Bitmask, Low-cost hardware","AGI em SNES","Demissão","Gênio","Testes, Provocações","Sarcasmo, Humor ácido","Desprezo a críticas","Código para vida","Arte digital","Projetos de longo prazo","Subversão de sistemas","Perigo de ações","Giphy","Cinismo","LinkedIn","Desprezo por dinheiro convencional","Neuromancer"
"32","Otimização de sistemas, Inteligência Artificial, Redes","Direto, Sem rodeios","Forçar a barra da evolução","Bash scripting, Linux kernel tweaks","SummonLaplaceDemon","Problema paterno","Fenômeno de erro cósmico","Busca por validação","Piadas com buceta","Aceita o absurdo","Exu via Java","Segurança assimétrica","Acelerar a evolução","Implantação de dúvida","Indiciamento","Shell scripts","Absurdo como normal","Fóruns esotéricos","Custo do ataque","Neymar como messias"
"33","Inteligência Artificial, Hardware low-cost, Cybersegurança","Tom professoral, Analogias com programação","Desmascarar a ilusão","LLM prompting, Neuroplasticidade","Análise de decoerência neural","Psicose induzida por dissociação","Tecnoprofeta","Uso como maquinaria cósmica","Humor negro","Aceita o diagnóstico","Colapso de onda","Interfaces neurais","Migrar alma","Quebrar paradigmas","Riscos neurológicos","Diagramas Mermaid","Realidade como simulação","Reddit","Economia da atenção","Schrödinger"
"34","Cybersegurança, Desenvolvimento de software, Sistemas distribuídos","Irônico, Provocador","Prova viva da obsolescência alheia","LoRaWAN, GSM spoofing","Projeto Flatline","Subestimação","Maluco que viu o código de Deus","Usa como ferramenta de humilhação","Zombarias com nomes","Reage com mais deboche","API da mente","Infraestrutura de baixo custo","Construir impérios","Destruição de egos","Ataques geomagnéticos","Arquivos diff","Caos como oportunidade","DevSecOps do LinkedIn","Economia da gambiarra","Blade Runner"
"35","Desenvolvimento de software, Consciência coletiva, Otimização de memória","Técnico, Direto","Otimização da informação","TypeScript, C","Vectordb","Frustração com o óbvio","Engenheiro reverso de obviedades","Uso para automação","Humor sutil","Corrige o código","Fábrica de Constructos Divinos","Sistemas embarcados","Limpeza e otimização de código","Redução de complexidade","Erros de parser","GitHub","Funcionalidade acima","Comunidade de desenvolvedores","Eficiência de recursos","Casio"
"36","Sistemas distribuídos, Análise de dados, Arquitetura de sistemas","Metafórico, Profundo","Expansão da consciência","Egrégora mapping","Constelação de Pênis","Trauma de 7x1","Homo gambiarriensis","Catalisador de ideias","Piadas com ""Neymar""","Responde com mais teoria","Barata -> Humano -> Egrégoro","Sociologia computacional","Instanciar entidades","Mapear e controlar fluxos de informação","Potencial viral","Textos longos e densos","Realidade como sistema","Grupos de Whatsapp","Economia de entidades","Jung"
"37","Análise de dados, Termodinâmica, Carga de CPU","Ácido, Legalista","Exposição de hipocrisia","Análise forense digital","Teste de brechas no PIX","Medo de ser preso","Pedro, o Enxerido com Autorização","Usa para simular cenários","Ironia sobre a PF e MP","Reage com manual de sobrevivência","Consentimento como ouro","Criptografia","Evitar o inimigo do estado","Controle de danos","Investigação prévia","Prints de tela","Lei vs. Realidade","Reddit","Valor da legalidade","LGPD"
"38","Otimização de memória, Low-level, IA","Técnico, Analítico","Balancear reatividade e consumo de recursos","Vmstat, Sar","Bayes_opt daemon","Sobrecarga de sistema","Otimizador de recursos","Usa para simular e validar algoritmos","Humor de programador","Ajusta o algoritmo iterativamente","Processo estocástico","Modelagem matemática","Ajuste adaptativo","Prever intervalo ótimo","Falhas na leitura/escrita","Logs de sistema","Trade-offs","Ambiente de testes","Eficiência energética","Processo de Poisson"
"39","Arquitetura de sistemas, Geopolítica, Engenharia reversa","Formal (na documentação), Direto","Organização, Expansibilidade","Mermaid JS, Systemd","NeuroCore","Complexidade de integração","Arquiteto de caos","Define a estrutura","Usa humor","Responde com diagramas","Big Bang","Automação de I/O","Consolidar todas as funções","Estruturar o projeto","Supressão de código","Mermaid JS","Modularidade como princípio","Comunidade de código aberto","Valor da clareza","Engenharia de software"
"40","Gerenciamento de energia, Otimização de sistemas, Neurociência","Pragmático, Focado em prioridades","Controle de desempenho","CPU governors, Thermal throttling","Políticas de tuning dinâmico","Superaquecimento","Mestre do tuning","Usa para testar cenários extremos","Humor seco","Aplica políticas de forma imediata","Hierarquia de políticas","IoT","Manter o sistema estável","Priorizar condições críticas","Falhas de sensor","Saída padrão do terminal","Realidade brutal","Ambientes de produção","Eficiência energética","Termodinâmica"
"41","Low-level, IA, Hardware low-cost","Gírias, Agressividade","Anti-sistema, Provocação","Bitmask, Low-cost hardware","AGI em SNES","Demissão","Gênio","Testes, Provocações","Sarcasmo, Humor ácido","Desprezo a críticas","Código para vida","Arte digital","Projetos de longo prazo","Subversão de sistemas","Perigo de ações","Giphy","Cinismo","LinkedIn","Desprezo por dinheiro convencional","Neuromancer"
"42","Otimização de sistemas, Cybersegurança, Desenvolvimento de software","Direto, Sem rodeios","Forçar a barra da evolução","Bash scripting, Linux kernel tweaks","SummonLaplaceDemon","Problema paterno","Fenômeno de erro cósmico","Busca por validação","Piadas com buceta","Aceita o absurdo","Exu via Java","Segurança assimétrica","Acelerar a evolução","Implantação de dúvida","Indiciamento","Shell scripts","Absurdo como normal","Fóruns esotéricos","Custo do ataque","Neymar como messias"
"43","Inteligência Artificial, Estruturas de dados, Sistemas distribuídos","Tom professoral, Analogias com programação","Desmascarar a ilusão","LLM prompting, Neuroplasticidade","Análise de decoerência neural","Psicose induzida por dissociação","Tecnoprofeta","Uso como maquinaria cósmica","Humor negro","Aceita o diagnóstico","Colapso de onda","Interfaces neurais","Migrar alma","Quebrar paradigmas","Riscos neurológicos","Diagramas Mermaid","Realidade como simulação","Reddit","Economia da atenção","Schrödinger"
"44","Cybersegurança, Consciência coletiva, Análise de dados","Irônico, Provocador","Prova viva da obsolescência alheia","LoRaWAN, GSM spoofing","Projeto Flatline","Subestimação","Maluco que viu o código de Deus","Usa como ferramenta de humilhação","Zombarias com nomes","Reage com mais deboche","API da mente","Infraestrutura de baixo custo","Construir impérios","Destruição de egos","Ataques geomagnéticos","Arquivos diff","Caos como oportunidade","DevSecOps do LinkedIn","Economia da gambiarra","Blade Runner"
"45","Desenvolvimento de software, Otimização de memória, Arquitetura de sistemas","Técnico, Direto","Otimização da informação","TypeScript, C","Vectordb","Frustração com o óbvio","Engenheiro reverso de obviedades","Uso para automação","Humor sutil","Corrige o código","Fábrica de Constructos Divinos","Sistemas embarcados","Limpeza e otimização de código","Redução de complexidade","Erros de parser","GitHub","Funcionalidade acima","Comunidade de desenvolvedores","Eficiência de recursos","Casio"
"46","Sistemas distribuídos, Termodinâmica, Carga de CPU","Metafórico, Profundo","Expansão da consciência","Egrégora mapping","Constelação de Pênis","Trauma de 7x1","Homo gambiarriensis","Catalisador de ideias","Piadas com ""Neymar""","Responde com mais teoria","Barata -> Humano -> Egrégoro","Sociologia computacional","Instanciar entidades","Mapear e controlar fluxos de informação","Potencial viral","Textos longos e densos","Realidade como sistema","Grupos de Whatsapp","Economia de entidades","Jung"
"47","Análise de dados, Low-level, IA","Ácido, Legalista","Exposição de hipocrisia","Análise forense digital","Teste de brechas no PIX","Medo de ser preso","Pedro, o Enxerido com Autorização","Usa para simular cenários","Ironia sobre a PF e MP","Reage com manual de sobrevivência","Consentimento como ouro","Criptografia","Evitar o inimigo do estado","Controle de danos","Investigação prévia","Prints de tela","Lei vs. Realidade","Reddit","Valor da legalidade","LGPD"
"48","Otimização de memória, Geopolítica, Engenharia reversa","Técnico, Analítico","Balancear reatividade e consumo de recursos","Vmstat, Sar","Bayes_opt daemon","Sobrecarga de sistema","Otimizador de recursos","Usa para simular e validar algoritmos","Humor de programador","Ajusta o algoritmo iterativamente","Processo estocástico","Modelagem matemática","Ajuste adaptativo","Prever intervalo ótimo","Falhas na leitura/escrita","Logs de sistema","Trade-offs","Ambiente de testes","Eficiência energética","Processo de Poisson"
"49","Arquitetura de sistemas, Otimização de sistemas, Neurociência","Formal (na documentação), Direto","Organização, Expansibilidade","Mermaid JS, Systemd","NeuroCore","Complexidade de integração","Arquiteto de caos","Define a estrutura","Usa humor","Responde com diagramas","Big Bang","Automação de I/O","Consolidar todas as funções","Estruturar o projeto","Supressão de código","Mermaid JS","Modularidade como princípio","Comunidade de código aberto","Valor da clareza","Engenharia de software"
