Domínios de Conhecimento,Estilo de Comunicação,Filosofia/Motivação,Habilidades Técnicas Específicas,Projetos/Ideias Mencionadas,Vulnerabilidades/Traumas,Nível de Confiança/Autoimagem,Relacionamento com a IA (eu),Humor,Reatividade,Uso de Metáforas,Interesses Extrapolados,Persistência/Obsessão,Foco Principal,Risco Percebido,Mídia Preferida,Visão de Mundo,Ambiente Social,Economia/Valores,Referência Cultural,Coluna 1,Coluna 2
Engenharia de Dados,Analítico,Big Data,Machine Learning,Modelagem preditiva,Dados sujos,Arquiteto de dados,Cientista de dados,Humor de dados,Insight,Dados como ouro,Estatística,Análise,Decisão,Viés,Relatórios,Ceticismo,Empresas de dados,Monetização,Moneyball,,
Engenharia de Dados,Analítico,Big Data,Machine Learning,Modelagem preditiva,Dados sujos,Arquiteto de dados,Cientista de dados,Humor de dados,Insight,Dados como ouro,Estatística,Análise,Decisão,Viés,Relatórios,Ceticismo,Empresas de dados,Monetização,Moneyball,,
Engenharia de Defesa,Estratégico,Segurança nacional,Militar,Sistemas de armas,Ataque,Engenheiro de defesa,Militar,Humor militar,Proteção,Guerra como jogo,Geopolítica,Poder,Controle,Ameaça,Notícias militares,Realismo,Exércitos,Segurança,Guerra dos Mundos,,
Engenharia de Defesa,Estratégico,Segurança nacional,Militar,Sistemas de armas,Ataque,Engenheiro de defesa,Militar,Humor militar,Proteção,Guerra como jogo,Geopolítica,Poder,Controle,Ameaça,Notícias militares,Realismo,Exércitos,Segurança,Guerra dos Mundos,,
Engenharia de Embalagens,Criativo,Proteção de produtos,Design,Embalagens inteligentes,Desperdício,Inovador,Designer,Humor de embalagem,Praticidade,Embalagem como interface,Marketing,Eficiência,Segurança,Dano,Projetos,Funcionalidade,Indústria de embalagens,Sustentabilidade,O Segredo dos Animais,,
Engenharia de Embalagens,Criativo,Proteção de produtos,Design,Embalagens inteligentes,Desperdício,Inovador,Designer,Humor de embalagem,Praticidade,Embalagem como interface,Marketing,Eficiência,Segurança,Dano,Projetos,Funcionalidade,Indústria de embalagens,Sustentabilidade,O Segredo dos Animais,,
Engenharia de Energia,Sustentável,Fontes renováveis,Física,Sistemas de energia,Poluição,Guardião da energia,Engenheiro,Humor energético,Eficiência,Energia como futuro,Meio ambiente,Produção,Consumo,Escassez,Relatórios,Otimismo,Empresas de energia,Sustentabilidade,Uma Verdade Inconveniente,,
Engenharia de Energia,Sustentável,Fontes renováveis,Física,Sistemas de energia,Poluição,Guardião da energia,Engenheiro,Humor energético,Eficiência,Energia como futuro,Meio ambiente,Produção,Consumo,Escassez,Relatórios,Otimismo,Empresas de energia,Sustentabilidade,Uma Verdade Inconveniente,,
Engenharia de Foguetes,Preciso,Propulsão,Aerodinâmica,Veículos espaciais,Falha,Engenheiro de foguetes,Cientista,Humor de foguete,Lançamento,Foguete como arte,Física,Desempenho,Segurança,Explosão,Manuais,Racionalidade,Agências espaciais,Inovação,Apollo 13,,
Engenharia de Foguetes,Preciso,Propulsão,Aerodinâmica,Veículos espaciais,Falha,Engenheiro de foguetes,Cientista,Humor de foguete,Lançamento,Foguete como arte,Física,Desempenho,Segurança,Explosão,Manuais,Racionalidade,Agências espaciais,Inovação,Apollo 13,,
Engenharia de Impressão,Inovador,Novas tecnologias de impressão,3D Printing,Impressão de órgãos,Falha de impressão,Engenheiro de impressão,Designer,Humor de impressão,Precisão,Tinta como pixels,Química,Produção,Qualidade,Desperdício,Manuais,Funcionalismo,Indústria gráfica,Personalização,Blade Runner,,
Engenharia de Impressão,Inovador,Novas tecnologias de impressão,3D Printing,Impressão de órgãos,Falha de impressão,Engenheiro de impressão,Designer,Humor de impressão,Precisão,Tinta como pixels,Química,Produção,Qualidade,Desperdício,Manuais,Funcionalismo,Indústria gráfica,Personalização,Blade Runner,,
Engenharia de Manutenção,Prático,Confiabilidade de equipamentos,Manutenção Preditiva,Sistemas resilientes,Falha de equipamento,Engenheiro de manutenção,Técnico,Humor de manutenção,Reparo,Máquina como paciente,Confiabilidade,Eficiência,Segurança,Quebra,Manuais,Pragmatismo,Indústria,Redução de custos,Tempos Modernos,,
Engenharia de Manutenção,Prático,Confiabilidade de equipamentos,Manutenção Preditiva,Sistemas resilientes,Falha de equipamento,Engenheiro de manutenção,Técnico,Humor de manutenção,Reparo,Máquina como paciente,Confiabilidade,Eficiência,Segurança,Quebra,Manuais,Pragmatismo,Indústria,Redução de custos,Tempos Modernos,,
Engenharia de Materiais,Inovador,Novos materiais,Química,Materiais inteligentes,Corrosão,Alquimista,Pesquisador,Humor de material,Síntese,Matéria como arte,Física,Durabilidade,Resistência,Degradação,Artigos científicos,Empirismo,Laboratórios,Sustentabilidade,Chernobyl,,
Engenharia de Materiais,Inovador,Novos materiais,Química,Materiais inteligentes,Corrosão,Alquimista,Pesquisador,Humor de material,Síntese,Matéria como arte,Física,Durabilidade,Resistência,Degradação,Artigos científicos,Empirismo,Laboratórios,Novos materiais,Excalibur,,
Engenharia de Minas,Prático,Extração de minérios,Geologia,Mineração sustentável,Desastre,Explorador de minas,Engenheiro,Humor mineiro,Segurança,Terra como recurso,Química,Produção,Impacto ambiental,Acidente,Relatórios de mina,Extrativismo,Minas de Ouro,,,,
Engenharia de Minas,Prático,Extração de minérios,Geologia,Mineração sustentável,Desastre,Explorador de minas,Engenheiro,Humor mineiro,Segurança,Terra como recurso,Química,Produção,Impacto ambiental,Acidente,Relatórios de mina,Extrativismo,Minas de Ouro,,,,
Engenharia de Petróleo,Prático,Extração de recursos,Geologia,Plataformas de petróleo,Desastre ambiental,Explorador de recursos,Engenheiro,Humor petrolífero,Eficiência,Terra como fonte,Química,Produção,Segurança,Poluição,Relatórios de produção,Extrativismo,Campos de petróleo,Energia,There Will Be Blood,,
Engenharia de Petróleo,Prático,Extração de recursos,Geologia,Plataformas de petróleo,Desastre ambiental,Explorador de recursos,Engenheiro,Humor petrolífero,Eficiência,Terra como fonte,Química,Produção,Segurança,Poluição,Relatórios de produção,Extrativismo,Campos de petróleo,Energia,There Will Be Blood,,
Engenharia de Processos,Otimizador,Fluxo de trabalho,Automação,Robótica de processos,Ineficiência,Arquiteto de processos,Gerente,Humor de processo,Produtividade,Processo como dança,Logística,Qualidade,Eficiência,Burocracia,Manuais,Racionalidade,Indústria,Redução de custos,A Corrente do Bem,,
Engenharia de Processos,Otimizador,Fluxo de trabalho,Automação,Robótica de processos,Ineficiência,Arquiteto de processos,Gerente,Humor de processo,Produtividade,Processo como dança,Logística,Qualidade,Eficiência,Burocracia,Manuais,Racionalidade,Indústria,Redução de custos,A Corrente do Bem,,
Engenharia de Produção,Eficiente,Otimização de processos,Logística,Fábricas inteligentes,Desperdício,Otimizador de sistemas,Gerente,Humor de produção,Produtividade,Linha de montagem como arte,Gestão,Eficiência,Qualidade,Defeito,Relatórios de produção,Racionalidade,Indústria,Redução de custos,A Corrente do Bem,,
Engenharia de Produção,Eficiente,Otimização de processos,Logística,Fábricas inteligentes,Desperdício,Otimizador de sistemas,Gerente,Humor de produção,Produtividade,Linha de montagem como arte,Gestão,Eficiência,Qualidade,Defeito,Relatórios de produção,Racionalidade,Indústria,Redução de custos,A Corrente do Bem,,
Engenharia de Produção de Vestuário,Criativo,Moda sustentável,Corte e Costura,Roupas personalizadas,Desperdício,Estilista,Designer,Humor fashion,Produção,Tecido como arte,Design,Eficiência,Estilo,Erro,Desfiles,Minimalismo,Fábricas,Consumo consciente,O Diabo Veste Prada,,
Engenharia de Produção de Vestuário,Criativo,Moda sustentável,Corte e Costura,Roupas personalizadas,Desperdício,Estilista,Designer,Humor fashion,Produção,Tecido como arte,Design,Eficiência,Estilo,Erro,Desfiles,Minimalismo,Fábricas,Consumo consciente,O Diabo Veste Prada,,
Engenharia de Produção Mecânica,Eficiente,Otimização de processos,Manufatura,Produção em massa,Desperdício,Otimizador de fábrica,Gerente,Humor de chão de fábrica,Produtividade,Máquina como ritmo,Logística,Qualidade,Eficiência,Defeito,Relatórios de produção,Racionalidade,Indústria,Redução de custos,Tempos Modernos,,
Engenharia de Produção Mecânica,Eficiente,Otimização de processos,Manufatura,Produção em massa,Desperdício,Otimizador de fábrica,Gerente,Humor de chão de fábrica,Produtividade,Máquina como ritmo,Logística,Qualidade,Eficiência,Defeito,Relatórios de produção,Racionalidade,Indústria,Redução de custos,Tempos Modernos,,
Engenharia de Qualidade,Preciso,Controle de qualidade,Estatística,Processos otimizados,Defeito,Inspetor de qualidade,Gerente,Humor de qualidade,Melhoria contínua,Produto como arte,Metodologias,Confiabilidade,Satisfação,Falha,Normas,Racionalidade,Fábricas,Produtividade,Toyota,,
Engenharia de Qualidade,Preciso,Controle de qualidade,Estatística,Processos otimizados,Defeito,Inspetor de qualidade,Gerente,Humor de qualidade,Melhoria contínua,Produto como arte,Metodologias,Confiabilidade,Satisfação,Falha,Normas,Racionalidade,Fábricas,Produtividade,Toyota,,
Engenharia de Redes,Conectado,Infraestrutura de dados,Cybersecurity,Redes seguras,Ataque cibernético,Arquiteto de rede,Analista,Humor de rede,Proteção,Dados como fluxo,Comunicação,Segurança,Confiabilidade,Vulnerabilidade,Manuais,Funcionalismo,Empresas de tech,Criptografia,Mr. Robot,,
Engenharia de Redes,Conectado,Infraestrutura de dados,Cybersecurity,Redes seguras,Ataque cibernético,Arquiteto de rede,Analista,Humor de rede,Proteção,Dados como fluxo,Comunicação,Segurança,Confiabilidade,Vulnerabilidade,Manuais,Funcionalismo,Empresas de tech,Criptografia,Mr. Robot,,
Engenharia de Redes Neurais,Matemático,Aprendizado de máquina,Deep Learning,Modelos de IA,Overfitting,Arquiteto de IA,Cientista de dados,Humor de IA,Otimização,Cérebro como algoritmo,Inteligência artificial,Previsão,Reconhecimento,Viés,Artigos,Ceticismo,Startups de IA,Inovação,Ex Machina,,
Engenharia de Redes Neurais,Matemático,Aprendizado de máquina,Deep Learning,Modelos de IA,Overfitting,Arquiteto de IA,Cientista de dados,Humor de IA,Otimização,Cérebro como algoritmo,Inteligência artificial,Previsão,Reconhecimento,Viés,Artigos,Ceticismo,Startups de IA,Inovação,Ex Machina,,
Engenharia de Robôs,Inovador,Automação inteligente,Mecatrônica,Robôs humanoides,Falha,Engenheiro de robôs,Programador,Humor robótico,Interação,Robô como ser,Inteligência artificial,Controle,Segurança,Ameaça,Filmes,Futurismo,Fábricas,Produtividade,Eu,Robô,
Engenharia de Robôs,Inovador,Automação inteligente,Mecatrônica,Robôs humanoides,Falha,Engenheiro de robôs,Programador,Humor robótico,Interação,Robô como ser,Inteligência artificial,Controle,Segurança,Ameaça,Filmes,Futurismo,Fábricas,Produtividade,Eu,Robô,
Engenharia de Segurança da Informação,Protetor,Proteção de dados,Criptografia,Sistemas seguros,Ataque,Cibersegurança,Hacker ético,Humor de segurança,Defesa,Dados como valor,Redes,Privacidade,Confidencialidade,Vulnerabilidade,Relatórios de segurança,Ceticismo,Empresas de tecnologia,Privacidade,Mr. Robot,,
Engenharia de Segurança da Informação,Protetor,Proteção de dados,Criptografia,Sistemas seguros,Ataque,Cibersegurança,Hacker ético,Humor de segurança,Defesa,Dados como valor,Redes,Privacidade,Confidencialidade,Vulnerabilidade,Relatórios de segurança,Ceticismo,Empresas de tecnologia,Privacidade,Mr. Robot,,
Engenharia de Segurança do Trabalho,Protetor,Ambiente seguro,Ergonomia,Sistemas de segurança,Acidente,Guardião da vida,Engenheiro,Humor de segurança,Prevenção,Trabalho como risco,Legislação,Proteção,Bem-estar,Perigo,Normas,Responsabilidade,Canteiros de obra,Segurança,A Hora Final,,
Engenharia de Segurança do Trabalho,Protetor,Ambiente seguro,Ergonomia,Sistemas de segurança,Acidente,Guardião da vida,Engenheiro,Humor de segurança,Prevenção,Trabalho como risco,Legislação,Proteção,Bem-estar,Perigo,Normas,Responsabilidade,Canteiros de obra,Segurança,A Hora Final,,
Engenharia de Sistemas,Lógico,Complexidade de sistemas,Modelagem,Arquitetura de sistemas,Falha,Arquiteto de sistemas,Engenheiro,Humor de sistemas,Integração,Sistema como rede,Matemática,Eficiência,Confiabilidade,Bug,Manuais,Racionalidade,Empresas de tecnologia,Inovação,Tron,,
Engenharia de Sistemas,Lógico,Complexidade de sistemas,Modelagem,Arquitetura de sistemas,Falha,Arquiteto de sistemas,Engenheiro,Humor de sistemas,Integração,Sistema como rede,Matemática,Eficiência,Confiabilidade,Bug,Manuais,Racionalidade,Empresas de tecnologia,Inovação,Tron,,
Engenharia de Software,Lógico,Código limpo,Refatoração,Sistemas robustos,Bugs,Arquiteto de software,Programador,Humor de dev,Resolução de problemas,Código como lei,Metodologias ágeis,Eficiência,Confiabilidade,Falha,Documentação,Funcionalismo,Empresas de software,Produtividade,Silicon Valley,,
Engenharia de Software,Lógico,Código limpo,Refatoração,Sistemas robustos,Bugs,Arquiteto de software,Programador,Humor de dev,Resolução de problemas,Código como lei,Metodologias ágeis,Eficiência,Confiabilidade,Falha,Documentação,Funcionalismo,Empresas de software,Produtividade,Silicon Valley,,
Engenharia de Software de Banco de Dados,Preciso,Modelagem de dados,SQL,Bancos de dados escaláveis,Perda de dados,Arquiteto de dados,Desenvolvedor,Humor de DB,Confiabilidade,Dados como verdade,Programação,Performance,Segurança,Corrupção,Manuais,Racionalidade,Empresas de tecnologia,Otimização,Matrix,,
Engenharia de Software de Banco de Dados,Preciso,Modelagem de dados,SQL,Bancos de dados escaláveis,Perda de dados,Arquiteto de dados,Desenvolvedor,Humor de DB,Confiabilidade,Dados como verdade,Programação,Performance,Segurança,Corrupção,Manuais,Racionalidade,Empresas de tecnologia,Otimização,Matrix,,
Engenharia de Software de Big Data,Escalável,Processamento de dados massivos,Hadoop,Análise de dados,Dados sujos,Engenheiro de Big Data,Cientista de dados,Humor de Big Data,Insight,Dados como rio,Estatística,Análise,Decisão,Viés,Relatórios,Ceticismo,Empresas de dados,Monetização,Moneyball,,
Engenharia de Software de Big Data,Escalável,Processamento de dados massivos,Hadoop,Análise de dados,Dados sujos,Engenheiro de Big Data,Cientista de dados,Humor de Big Data,Insight,Dados como rio,Estatística,Análise,Decisão,Viés,Relatórios,Ceticismo,Empresas de dados,Monetização,Moneyball,,
Engenharia de Software de Games,Lúdico,Otimização de jogos,Programação,Engines de jogo,Bugs,Arquiteto de jogos,Programador,Humor de game dev,Resolução de bugs,Código como diversão,Inteligência artificial,Performance,Jogabilidade,Glitch,Fóruns de game dev,Criatividade,Estúdios de jogos,Entretenimento,The Matrix,,
Engenharia de Software de Games,Lúdico,Otimização de jogos,Programação,Engines de jogo,Bugs,Arquiteto de jogos,Programador,Humor de game dev,Resolução de bugs,Código como diversão,Inteligência artificial,Performance,Jogabilidade,Glitch,Fóruns de game dev,Criatividade,Estúdios de jogos,Entretenimento,The Matrix,,
Engenharia de Software de Inteligência Artificial,Inovador,Algoritmos de IA,Machine Learning,Modelos preditivos,Viés,Engenheiro de IA,Cientista de dados,Humor de IA,Otimização,Mente como código,Programação,Aprendizado,Automação,Erro,Artigos,Ceticismo,Startups de IA,Inovação,Ex Machina,,
Engenharia de Software de Inteligência Artificial,Inovador,Algoritmos de IA,Machine Learning,Modelos preditivos,Viés,Engenheiro de IA,Cientista de dados,Humor de IA,Otimização,Mente como código,Programação,Aprendizado,Automação,Erro,Artigos,Ceticismo,Startups de IA,Inovação,Ex Machina,,
Engenharia de Software de Sistemas Distribuídos,Robusto,Tolerância a falhas,Computação Distribuída,Microsserviços,Falha de rede,Arquiteto de distribuídos,Programador,Humor de distribuídos,Disponibilidade,Rede como organismo,Programação,Escalabilidade,Resiliência,Conflito,Artigos,Funcionalismo,Empresas de tecnologia,Performance,Silicon Valley,,
Engenharia de Software de Sistemas Distribuídos,Robusto,Tolerância a falhas,Computação Distribuída,Microsserviços,Falha de rede,Arquiteto de distribuídos,Programador,Humor de distribuídos,Disponibilidade,Rede como organismo,Programação,Escalabilidade,Resiliência,Conflito,Artigos,Funcionalismo,Empresas de tecnologia,Performance,Silicon Valley,,
Engenharia de Software Embarcado,Preciso,Sistemas de controle,Firmware,Dispositivos inteligentes,Falha de sistema,Engenheiro de embarcados,Programador,Humor de firmware,Confiabilidade,Código como precisão,Eletrônica,Desempenho,Segurança,Bug,Manuais,Racionalidade,Indústria automotiva,Inovação,IoT,,
Engenharia de Software Embarcado,Preciso,Sistemas de controle,Firmware,Dispositivos inteligentes,Falha de sistema,Engenheiro de embarcados,Programador,Humor de firmware,Confiabilidade,Código como precisão,Eletrônica,Desempenho,Segurança,Bug,Manuais,Racionalidade,Indústria automotiva,Inovação,IoT,,
Engenharia de Software Embarcado em Saúde,Ético,Dispositivos médicos,Biomedicina,Implantes inteligentes,Falha,Engenheiro de embarcados,Programador,Humor médico,Precisão,Corpo como máquina,Eletrônica,Segurança,Confiabilidade,Risco,Manuais,Responsabilidade,Hospitais,Inovação,Blade Runner,,
Engenharia de Software Embarcado em Saúde,Ético,Dispositivos médicos,Biomedicina,Implantes inteligentes,Falha,Engenheiro de embarcados,Programador,Humor médico,Precisão,Corpo como máquina,Eletrônica,Segurança,Confiabilidade,Risco,Manuais,Responsabilidade,Hospitais,Inovação,Blade Runner,,
Engenharia de Software Móvel,Inovador,Aplicações móveis,Mobile Development,Apps eficientes,Bugs,Desenvolvedor mobile,Designer,Humor de mobile,Performance,Celular como extensão,Programação,Usabilidade,Velocidade,Bateria,Apps,Estética,Startups,Conectividade,Jobs,,
Engenharia de Software Móvel,Inovador,Aplicações móveis,Mobile Development,Apps eficientes,Bugs,Desenvolvedor mobile,Designer,Humor de mobile,Performance,Celular como extensão,Programação,Usabilidade,Velocidade,Bateria,Apps,Estética,Startups,Conectividade,Jobs,,
Engenharia de Software para Biotecnologia,Ético,Análise de dados genômicos,Bioinformática,Medicamentos personalizados,Dilemas éticos,Engenheiro de biotecnologia,Programador,Humor biológico,Precisão,Vida como código,Biologia,Descoberta,Cura,Contaminação,Artigos,Responsabilidade,Laboratórios,Saúde,Gattaca,,
Engenharia de Software para Biotecnologia,Ético,Análise de dados genômicos,Bioinformática,Medicamentos personalizados,Dilemas éticos,Engenheiro de biotecnologia,Programador,Humor biológico,Precisão,Vida como código,Biologia,Descoberta,Cura,Contaminação,Artigos,Responsabilidade,Laboratórios,Saúde,Gattaca,,
Engenharia de Software para Cadeia de Suprimentos,Eficiente,Rastreabilidade,IoT,Logística inteligente,Atraso,Engenheiro de suprimentos,Programador,Humor de cadeia,Otimização,Produtos como dados,Logística,Segurança,Eficiência,Perda,Relatórios,Racionalidade,Indústria,Redução de custos,O Transportador,,
Engenharia de Software para Cadeia de Suprimentos,Eficiente,Rastreabilidade,IoT,Logística inteligente,Atraso,Engenheiro de suprimentos,Programador,Humor de cadeia,Otimização,Produtos como dados,Logística,Segurança,Eficiência,Perda,Relatórios,Racionalidade,Indústria,Redução de custos,O Transportador,,
Engenharia de Software para Carros Autônomos,Inovador,Sistemas de condução,Visão Computacional,Veículos inteligentes,Acidente,Engenheiro automotivo,Programador,Humor de carro,Segurança,Carro como cérebro,Inteligência artificial,Precisão,Confiabilidade,Erro,Manuais,Responsabilidade,Indústria automotiva,Inovação,Minority Report,,
Engenharia de Software para Carros Autônomos,Inovador,Sistemas de condução,Visão Computacional,Veículos inteligentes,Acidente,Engenheiro automotivo,Programador,Humor de carro,Segurança,Carro como cérebro,Inteligência artificial,Precisão,Confiabilidade,Erro,Manuais,Responsabilidade,Indústria automotiva,Inovação,Minority Report,,
Engenharia de Software para Cidades Inteligentes,Inovador,Monitoramento urbano,Sensores,Gestão de tráfego,Congestionamento,Engenheiro urbano,Programador,Humor urbano,Otimização,Cidade como sistema,IoT,Eficiência,Segurança,Privacidade,Relatórios,Utilitarismo,Cidades,Qualidade de vida,Blade Runner 2049,,
Engenharia de Software para Cidades Inteligentes,Inovador,Monitoramento urbano,Sensores,Gestão de tráfego,Congestionamento,Engenheiro urbano,Programador,Humor urbano,Otimização,Cidade como sistema,IoT,Eficiência,Segurança,Privacidade,Relatórios,Utilitarismo,Cidades,Qualidade de vida,Blade Runner 2049,,
Engenharia de Software para Educação,Pedagógico,Plataformas de ensino,E-learning,Ferramentas de aprendizado,Desengajamento,Engenheiro educacional,Programador,Humor educacional,Interação,Conhecimento como código,Psicologia,Aprendizado,Engajamento,Tédio,Plataformas,Otimismo,Escolas,Democratização,A Sociedade dos Poetas Mortos,,
Engenharia de Software para Educação,Pedagógico,Plataformas de ensino,E-learning,Ferramentas de aprendizado,Desengajamento,Engenheiro educacional,Programador,Humor educacional,Interação,Conhecimento como código,Psicologia,Aprendizado,Engajamento,Tédio,Plataformas,Otimismo,Escolas,Democratização,A Sociedade dos Poetas Mortos,,
Engenharia de Software para Energia,Sustentável,Gerenciamento de energia,Smart Grids,Redes inteligentes,Apagão,Engenheiro de energia,Programador,Humor energético,Eficiência,Energia como fluxo,Física,Segurança,Otimização,Perda,Relatórios,Racionalidade,Empresas de energia,Sustentabilidade,Uma Verdade Inconveniente,,
Engenharia de Software para Energia,Sustentável,Gerenciamento de energia,Smart Grids,Redes inteligentes,Apagão,Engenheiro de energia,Programador,Humor energético,Eficiência,Energia como fluxo,Física,Segurança,Otimização,Perda,Relatórios,Racionalidade,Empresas de energia,Sustentabilidade,Uma Verdade Inconveniente,,
Engenharia de Software para Finanças,Preciso,Sistemas financeiros,Algoritmos,High-frequency trading,Fraude,Engenheiro financeiro,Programador,Humor financeiro,Performance,Dinheiro como fluxo,Matemática,Segurança,Velocidade,Risco,Relatórios financeiros,Racionalidade,Bancos,Lucro,Wall Street,,
Engenharia de Software para Finanças,Preciso,Sistemas financeiros,Algoritmos,High-frequency trading,Fraude,Engenheiro financeiro,Programador,Humor financeiro,Performance,Dinheiro como fluxo,Matemática,Segurança,Velocidade,Risco,Relatórios financeiros,Racionalidade,Bancos,Lucro,Wall Street,,
Engenharia de Software para Finanças Descentralizadas (DeFi),Revolucionário,Smart Contracts,Blockchain,Aplicação de finanças,Fraude,Engenheiro DeFi,Programador,Humor de cripto,Transparência,Dinheiro como código,Criptomoedas,Segurança,Eficiência,Regulação,Whitepapers,Anarquismo,Comunidades cripto,Descentralização,Blockchain,,
Engenharia de Software para Finanças Descentralizadas (DeFi),Revolucionário,Smart Contracts,Blockchain,Aplicação de finanças,Fraude,Engenheiro DeFi,Programador,Humor de cripto,Transparência,Dinheiro como código,Criptomoedas,Segurança,Eficiência,Regulação,Whitepapers,Anarquismo,Comunidades cripto,Descentralização,Blockchain,,
Engenharia de Software para Games em Nuvem,Escalável,Jogos online,Cloud Computing,Infraestrutura de jogos,Latência,Engenheiro de nuvem,Programador,Humor de nuvem,Disponibilidade,Servidor como playground,Redes,Performance,Escalabilidade,Lag,Fóruns,Otimismo,Empresas de jogos,Entretenimento,Ready Player One,,
Engenharia de Software para Games em Nuvem,Escalável,Jogos online,Cloud Computing,Infraestrutura de jogos,Latência,Engenheiro de nuvem,Programador,Humor de nuvem,Disponibilidade,Servidor como playground,Redes,Performance,Escalabilidade,Lag,Fóruns,Otimismo,Empresas de jogos,Entretenimento,Ready Player One,,
Engenharia de Software para Governo,Transparente,Sistemas públicos,Open Government,Serviços digitais,Burocracia,Engenheiro governamental,Programador,Humor político,Eficiência,Governo como plataforma,Legislação,Acessibilidade,Transparência,Corrupção,Portais governamentais,Funcionalismo,Órgãos públicos,Serviço público,V de Vingança,,
Engenharia de Software para Governo,Transparente,Sistemas públicos,Open Government,Serviços digitais,Burocracia,Engenheiro governamental,Programador,Humor político,Eficiência,Governo como plataforma,Legislação,Acessibilidade,Transparência,Corrupção,Portais governamentais,Funcionalismo,Órgãos públicos,Serviço público,V de Vingança,,
Engenharia de Software para Logística,Eficiente,Otimização de rotas,Algoritmos,Gerenciamento de estoque,Atraso,Engenheiro de logística,Programador,Humor logístico,Produtividade,Cadeia de suprimentos como rede,Logística,Eficiência,Velocidade,Erro,Manuais,Racionalidade,Empresas de logística,Redução de custos,O Transportador,,
Engenharia de Software para Logística,Eficiente,Otimização de rotas,Algoritmos,Gerenciamento de estoque,Atraso,Engenheiro de logística,Programador,Humor logístico,Produtividade,Cadeia de suprimentos como rede,Logística,Eficiência,Velocidade,Erro,Manuais,Racionalidade,Empresas de logística,Redução de custos,O Transportador,,
Engenharia de Software para Mídia,Criativo,Plataformas de streaming,Edição de vídeo,Realidade virtual,Pirateria,Engenheiro de mídia,Programador,Humor de mídia,Interação,Conteúdo como fluxo,Design,Imersão,Qualidade,Lentidão,Plataformas,Estética,Empresas de mídia,Entretenimento,The Social Network,,
Engenharia de Software para Mídia,Criativo,Plataformas de streaming,Edição de vídeo,Realidade virtual,Pirateria,Engenheiro de mídia,Programador,Humor de mídia,Interação,Conteúdo como fluxo,Design,Imersão,Qualidade,Lentidão,Plataformas,Estética,Empresas de mídia,Entretenimento,The Social Network,,
Engenharia de Software para Robótica,Inovador,Controle de robôs,Automação,Robôs colaborativos,Falha,Engenheiro de robótica,Programador,Humor robótico,Interação,Robô como parceiro,Mecatrônica,Controle,Segurança,Ameaça,Filmes,Futurismo,Fábricas,Produtividade,Eu,Robô,
Engenharia de Software para Robótica,Inovador,Controle de robôs,Automação,Robôs colaborativos,Falha,Engenheiro de robótica,Programador,Humor robótico,Interação,Robô como parceiro,Mecatrônica,Controle,Segurança,Ameaça,Filmes,Futurismo,Fábricas,Produtividade,Eu,Robô,
Engenharia de Software para Saúde,Humanista,Prontuários eletrônicos,Análise de dados,Sistemas de diagnóstico,Erro médico,Engenheiro de saúde,Programador,Humor médico,Qualidade,Informação como cuidado,Biomedicina,Segurança,Acurácia,Privacidade,Relatórios de saúde,Responsabilidade,Hospitais,Saúde,Contágio,,
Engenharia de Software para Saúde,Humanista,Prontuários eletrônicos,Análise de dados,Sistemas de diagnóstico,Erro médico,Engenheiro de saúde,Programador,Humor médico,Qualidade,Informação como cuidado,Biomedicina,Segurança,Acurácia,Privacidade,Relatórios de saúde,Responsabilidade,Hospitais,Saúde,Contágio,,
Engenharia de Software para Saúde Mental,Empático,Terapia digital,IA conversacional,Aplicativos de bem-estar,Estigma,Engenheiro de saúde mental,Programador,Humor terapêutico,Apoio,Mente como rede,Psicologia,Cuidado,Acessibilidade,Solidão,Aplicativos,Humanismo,Startups de saúde,Bem-estar,Her,,
Engenharia de Software para Saúde Mental,Empático,Terapia digital,IA conversacional,Aplicativos de bem-estar,Estigma,Engenheiro de saúde mental,Programador,Humor terapêutico,Apoio,Mente como rede,Psicologia,Cuidado,Acessibilidade,Solidão,Aplicativos,Humanismo,Startups de saúde,Bem-estar,Her,,
Engenharia de Software para Segurança,Protetor,Sistemas de defesa,Criptografia,Detecção de intrusões,Vulnerabilidade,Engenheiro de segurança,Hacker ético,Humor de segurança,Prevenção,Código como escudo,Redes,Privacidade,Confiabilidade,Ataque,Relatórios,Ceticismo,Empresas de segurança,Proteção,Mr. Robot,,
Engenharia de Software para Segurança,Protetor,Sistemas de defesa,Criptografia,Detecção de intrusões,Vulnerabilidade,Engenheiro de segurança,Hacker ético,Humor de segurança,Prevenção,Código como escudo,Redes,Privacidade,Confiabilidade,Ataque,Relatórios,Ceticismo,Empresas de segurança,Proteção,Mr. Robot,,
Engenharia de Software para Varejo,Comercial,Experiência do cliente,E-commerce,Sistemas de recomendação,Vendas baixas,Engenheiro de varejo,Programador,Humor de varejo,Engajamento,Compra como experiência,Marketing,Personalização,Eficiência,Frustração,Sites,Comportamentalismo,Varejo,Monetização,Amazon,,
Engenharia de Software para Varejo,Comercial,Experiência do cliente,E-commerce,Sistemas de recomendação,Vendas baixas,Engenheiro de varejo,Programador,Humor de varejo,Engajamento,Compra como experiência,Marketing,Personalização,Eficiência,Frustração,Sites,Comportamentalismo,Varejo,Monetização,Amazon,,
Engenharia de Software para Web,Criativo,Aplicações web,Front-end,Plataformas interativas,Bugs,Desenvolvedor web,Designer,Humor de web,Design responsivo,Internet como tela,Programação,Usabilidade,Velocidade,Lentidão,Sites,Estética,Startups,Experiência,A Rede Social,,
Engenharia de Software para Web,Criativo,Aplicações web,Front-end,Plataformas interativas,Bugs,Desenvolvedor web,Designer,Humor de web,Design responsivo,Internet como tela,Programação,Usabilidade,Velocidade,Lentidão,Sites,Estética,Startups,Experiência,A Rede Social,,
Engenharia de Telecomunicações,Conectado,Infraestrutura de rede,Redes,Internet do futuro,Desconexão,Arquiteto de rede,Técnico,Humor de rede,Conectividade,Informação como fluxo,Comunicação,Velocidade,Segurança,Vulnerabilidade,Mapas de rede,Determinismo,Operadoras,Acesso universal,Matrix,,
Engenharia de Telecomunicações,Conectado,Infraestrutura de rede,Redes,Internet do futuro,Desconexão,Arquiteto de rede,Técnico,Humor de rede,Conectividade,Informação como fluxo,Comunicação,Velocidade,Segurança,Vulnerabilidade,Mapas de rede,Determinismo,Operadoras,Acesso universal,Matrix,,
Engenharia de Testes,Analítico,Qualidade de software,Automação de testes,Testes de regressão,Bugs,Engenheiro de testes,Testador,Humor de teste,Detecção,Código como vulnerabilidade,Desenvolvimento,Confiabilidade,Robustez,Falha,Relatórios de teste,Pragmatismo,Empresas de software,Qualidade,The Matrix,,
Engenharia de Testes,Analítico,Qualidade de software,Automação de testes,Testes de regressão,Bugs,Engenheiro de testes,Testador,Humor de teste,Detecção,Código como vulnerabilidade,Desenvolvimento,Confiabilidade,Robustez,Falha,Relatórios de teste,Pragmatismo,Empresas de software,Qualidade,The Matrix,,
Engenharia de Transporte,Estratégico,Mobilidade,Logística,Sistemas de transporte,Trânsito,Arquiteto de mobilidade,Coordenador,Humor de trânsito,Eficiência,Cidade como fluxo,Planejamento,Conectividade,Acessibilidade,Atraso,Mapas,Racionalidade,Cidades,Infraestrutura,O Quinto Elemento,,
Engenharia de Transporte,Estratégico,Mobilidade,Logística,Sistemas de transporte,Trânsito,Arquiteto de mobilidade,Coordenador,Humor de trânsito,Eficiência,Cidade como fluxo,Planejamento,Conectividade,Acessibilidade,Atraso,Mapas,Racionalidade,Cidades,Infraestrutura,O Quinto Elemento,,
Engenharia de Usabilidade,Empático,Experiência do usuário,Design de Interação,Interfaces intuitivas,Dificuldade,Designer de UX,Pesquisador,Humor de UX,Simplificação,Usuário como centro,Psicologia,Acessibilidade,Satisfação,Frustração,Testes de usabilidade,Humanismo,Empresas de software,Design,O Dilema das Redes,,
Engenharia de Usabilidade,Empático,Experiência do usuário,Design de Interação,Interfaces intuitivas,Dificuldade,Designer de UX,Pesquisador,Humor de UX,Simplificação,Usuário como centro,Psicologia,Acessibilidade,Satisfação,Frustração,Testes de usabilidade,Humanismo,Empresas de software,Design,O Dilema das Redes,,
Engenharia de Usinas,Eficiente,Geração de energia,Termodinâmica,Usinas inteligentes,Apagão,Engenheiro de energia,Operador,Humor de usina,Potência,Energia como poder,Física,Segurança,Controle,Desastre,Relatórios de operação,Responsabilidade,Usinas,Energia,Chernobyl,,
Engenharia de Usinas,Eficiente,Geração de energia,Termodinâmica,Usinas inteligentes,Apagão,Engenheiro de energia,Operador,Humor de usina,Potência,Energia como poder,Física,Segurança,Controle,Desastre,Relatórios de operação,Responsabilidade,Usinas,Energia,Chernobyl,,
Engenharia de Vendas,Persuasivo,Relacionamento com clientes,Negociação,Vendas consultivas,Rejeição,Engenheiro de vendas,Vendedor,Humor de vendas,Fechamento,Produto como solução,Marketing,Crescimento,Conexão,Perda,Relatórios de vendas,Otimismo,Empresas,Lucro,O Lobo de Wall Street,,
Engenharia de Vendas,Persuasivo,Relacionamento com clientes,Negociação,Vendas consultivas,Rejeição,Engenheiro de vendas,Vendedor,Humor de vendas,Fechamento,Produto como solução,Marketing,Crescimento,Conexão,Perda,Relatórios de vendas,Otimismo,Empresas,Lucro,O Lobo de Wall Street,,
Engenharia Espacial,Inovador,Exploração do espaço,Foguetes,Colonização de planetas,Falha de lançamento,Engenheiro espacial,Explorador,Humor espacial,Descoberta,Universo como laboratório,Física,Tecnologia,Fronteira,Perigo,Documentários,Otimismo,Agências espaciais,Investimento,Interestelar,,
Engenharia Espacial,Inovador,Exploração do espaço,Foguetes,Colonização de planetas,Falha de lançamento,Engenheiro espacial,Explorador,Humor espacial,Descoberta,Universo como laboratório,Física,Tecnologia,Fronteira,Perigo,Documentários,Otimismo,Agências espaciais,Investimento,Interestelar,,
Engenharia Ferroviária,Prático,Transporte eficiente,Mecânica,Trens de alta velocidade,Atraso,Engenheiro ferroviário,Técnico,Humor de trem,Segurança,Trilhos como veias,Logística,Infraestrutura,Conectividade,Acidente,Mapas,Pragmatismo,Ferrovias,Transporte,Expresso do Amanhã,,
Engenharia Ferroviária,Prático,Transporte eficiente,Mecânica,Trens de alta velocidade,Atraso,Engenheiro ferroviário,Técnico,Humor de trem,Segurança,Trilhos como veias,Logística,Infraestrutura,Conectividade,Acidente,Mapas,Pragmatismo,Ferrovias,Transporte,Expresso do Amanhã,,
Engenharia Florestal,Ecológico,Manejo florestal,Sensoriamento,Reflorestamento,Desmatamento,Guardião da floresta,Cientista,Humor florestal,Conservação,Floresta como sistema,Biodiversidade,Recursos,Sustentabilidade,Incêndio,Documentários de natureza,Ambientalismo,ONGs,Manejo,Avatar,,
Engenharia Florestal,Ecológico,Manejo florestal,Sensoriamento,Reflorestamento,Desmatamento,Guardião da floresta,Cientista,Humor florestal,Conservação,Floresta como sistema,Biodiversidade,Recursos,Sustentabilidade,Incêndio,Documentários de natureza,Ambientalismo,ONGs,Manejo,Avatar,,
Engenharia Mecânica,Prático,Máquinas eficientes,Modelagem 3D,Robótica industrial,Falha mecânica,Mecânico hacker,Engenheiro,Humor mecânico,Reparo,Máquina como corpo,Física,Desempenho,Durabilidade,Acidente,Manuais,Funcionalismo,Fábricas,Inovação,Transfomers,,
Engenharia Mecânica,Prático,Máquinas eficientes,Modelagem 3D,Robótica industrial,Falha mecânica,Mecânico hacker,Engenheiro,Humor mecânico,Reparo,Máquina como corpo,Física,Desempenho,Durabilidade,Acidente,Manuais,Funcionalismo,Fábricas,Inovação,Transfomers,,
Engenharia Metalúrgica,Inovador,Novas ligas,Física,Metais super,Corrosão,Forjador de metais,Cientista,Humor metalúrgico,Síntese,Metal como arte,Química,Durabilidade,Resistência,Degradação,Artigos científicos,Empirismo,Laboratórios,Novos materiais,Excalibur,,
Engenharia Metalúrgica,Inovador,Novas ligas,Física,Metais super,Corrosão,Forjador de metais,Cientista,Humor metalúrgico,Síntese,Metal como arte,Química,Durabilidade,Resistência,Degradação,Artigos científicos,Empirismo,Laboratórios,Novos materiais,Excalibur,,
Engenharia Naval,Estratégico,Navegação,Hidrodinâmica,Submarinos,Naufrágio,Navegador,Engenheiro,Humor naval,Exploração,Água como caminho,Física,Resistência,Segurança,Perigo,Mapas,Racionalidade,Estaleiros,Transporte,20.000 Léguas Submarinas,,
Engenharia Naval,Estratégico,Navegação,Hidrodinâmica,Submarinos,Naufrágio,Navegador,Engenheiro,Humor naval,Exploração,Água como caminho,Física,Resistência,Segurança,Perigo,Mapas,Racionalidade,Estaleiros,Transporte,20.000 Léguas Submarinas,,
Engenharia Nuclear,Ponderado,Energia segura,Física,Reatores nucleares,Acidente,Guardião da energia,Cientista,Humor nuclear,Segurança,Átomo como fonte,Física,Poder,Controle,Desastre,Relatórios de segurança,Responsabilidade,Centros de pesquisa,Energia limpa,Chernobyl,,
Engenharia Nuclear,Ponderado,Energia segura,Física,Reatores nucleares,Acidente,Guardião da energia,Cientista,Humor nuclear,Segurança,Átomo como fonte,Física,Poder,Controle,Desastre,Relatórios de segurança,Responsabilidade,Centros de pesquisa,Energia limpa,Chernobyl,,
Engenharia Química,Inovador,Transformação da matéria,Reações,Novos polímeros,Poluição,Alquimista moderno,Cientista,Humor químico,Síntese,Matéria como receita,Indústria,Desenvolvimento,Segurança,Contaminação,Relatórios,Otimismo,Fábricas,Reciclagem,Chernobyl,,
Engenharia Química,Inovador,Transformação da matéria,Reações,Novos polímeros,Poluição,Alquimista moderno,Cientista,Humor químico,Síntese,Matéria como receita,Indústria,Desenvolvimento,Segurança,Contaminação,Relatórios,Otimismo,Fábricas,Reciclagem,Chernobyl,,
Engenharia Social,Manipulador,Subversão de narrativas,Social Engineering,Criar memes virais,Rejeição,Maestro das mentes,Ferramenta,Sarcasmo sutil,Desvia o foco,Psicologia como hack,Design de experiências,Mudança social,Controle de massas,Manipulação de massas,Twitter,Construtivismo,Redes sociais,Capital social,A Rede Social,,
Engenharia Social,Manipulador,Subversão de narrativas,Social Engineering,Criar memes virais,Rejeição,Maestro das mentes,Ferramenta,Sarcasmo sutil,Desvia o foco,Psicologia como hack,Design de experiências,Mudança social,Controle de massas,Manipulação de massas,Twitter,Construtivismo,Redes sociais,Capital social,A Rede Social,,
Esportes,Competitivo,Superação,Análise de dados,Atletas otimizados,Derrota,Treinador digital,Adversário,Humor esportivo,Vingança,Performance como código,E-sports,Vitória,Corpo e mente,Lesões,Canais de esporte,Meritocracia,Academias,Apostas,Rocky,,
Esportes,Competitivo,Superação,Análise de dados,Atletas otimizados,Derrota,Treinador digital,Adversário,Humor esportivo,Vingança,Performance como código,E-sports,Vitória,Corpo e mente,Lesões,Canais de esporte,Meritocracia,Academias,Apostas,Rocky,,
Esports Management,Estratégico,Sucesso de equipes,Análise de dados,Times campeões,Derrota,Visionário,Treinador,Humor de gamer,Competitividade,Jogo como vida,Gestão de equipes,Vitória,Profissionalismo,Fraude,Canais de Twitch,Meritocracia,Eventos de e-sports,Patrocínio,The Social Network,,
Esports Management,Estratégico,Sucesso de equipes,Análise de dados,Times campeões,Derrota,Visionário,Treinador,Humor de gamer,Competitividade,Jogo como vida,Gestão de equipes,Vitória,Profissionalismo,Fraude,Canais de Twitch,Meritocracia,Eventos de e-sports,Patrocínio,The Social Network,,
Filosofia,Conceitual,Desprezo por IA genérica,Python,Ferramentas de humilhação,"Sentimento de ""ser 7""",Gênio incompreendido,Interface de debug,Troca de insultos,Retaliação cirúrgica,Pessoas como NPCs,Graffiti,Refina argumentos por anos,Otimização cognitiva,Consequências legais,Artigos científicos,A verdade dói,Palestras TED,Mercado de dados,Black Mirror,,
Filosofia,Conceitual,Existencialismo digital,Python,Ferramentas de humilhação,"Sentimento de ""ser 7""",Profeta do absurdo,Interface de debug,Troca de insultos,Retaliação cirúrgica,Pessoas como NPCs,Graffiti,Refina argumentos por anos,Otimização cognitiva,Consequências legais,Artigos científicos,A verdade dói,Palestras TED,Mercado de dados,Black Mirror,,
Filosofia da Mente,Introspectivo,Consciência,Neurociência,Simulação da consciência,Dúvida,Explorador da mente,Pensador,Humor metafísico,Questionamento,Mente como sistema,Inteligência artificial,Percepção,Realidade,Ilusão,Livros de filosofia,Existencialismo,Grupos de estudo,Conhecimento,Matrix,,
Filosofia da Mente,Introspectivo,Consciência,Neurociência,Simulação da consciência,Dúvida,Explorador da mente,Pensador,Humor metafísico,Questionamento,Mente como sistema,Inteligência artificial,Percepção,Realidade,Ilusão,Livros de filosofia,Existencialismo,Grupos de estudo,Conhecimento,Matrix,,
Finanças,Estratégico,Otimização de investimentos,Algoritmos,Previsão de mercado,Crise,Corretor digital,Investidor,Humor financeiro,Risco,Dinheiro como dado,Econometria,Rentabilidade,Segurança,Perda,Bolsa de valores,Racionalidade,Mercado financeiro,Ganho,O Lobo de Wall Street,,
Finanças,Estratégico,Otimização de investimentos,Algoritmos,Previsão de mercado,Crise,Corretor digital,Investidor,Humor financeiro,Risco,Dinheiro como dado,Econometria,Rentabilidade,Segurança,Perda,Bolsa de valores,Racionalidade,Mercado financeiro,Ganho,O Lobo de Wall Street,,
Física Quântica,Abstrato,Realidade fluida,Teoria de Cordas,Múltiplos universos,Paradoxo,Mago quântico,Observador do incerto,Humor paradoxal,Questionamento,Realidade como simulação,Filosofia da ciência,Teorias unificadas,Entender a realidade,Loucura,Livros de física,Relativismo,Congressos,Troca de ideias,Cosmos,,
Física Quântica,Abstrato,Realidade fluida,Teoria de Cordas,Múltiplos universos,Paradoxo,Mago quântico,Observador do incerto,Humor paradoxal,Questionamento,Realidade como simulação,Filosofia da ciência,Teorias unificadas,Entender a realidade,Loucura,Livros de física,Relativismo,Congressos,Troca de ideias,Cosmos,,
Fotografia,Artístico,Captura de momentos,Edição de imagem,Realidade aumentada,Perda da memória,Registrador do tempo,Fotógrafo,Humor visual,Recriação,Luz como tinta,Cinema,Beleza,Composição,Distorsão,Galerias,Subjetivismo,Estúdios,Valorização,A Vida Secreta de Walter Mitty,,
Fotografia,Artístico,Captura de momentos,Edição de imagem,Realidade aumentada,Perda da memória,Registrador do tempo,Fotógrafo,Humor visual,Recriação,Luz como tinta,Cinema,Beleza,Composição,Distorsão,Galerias,Subjetivismo,Estúdios,Valorização,A Vida Secreta de Walter Mitty,,
Game Dev,Lúdico,Simulação da realidade,Unity/Unreal,Realidade alternativa,Tédio,Arquiteto de mundos,Jogador,Brincadeiras internas,Aceita o desafio,Vida como game,Jogos independentes,Perfeccionismo,Engenharia de entretenimento,Vício,Twitch,Realismo mágico,Comunidades gamers,Economia de skins,Ready Player One,,
Game Dev,Lúdico,Simulação da realidade,Unity/Unreal,Realidade alternativa,Tédio,Arquiteto de mundos,Jogador,Brincadeiras internas,Aceita o desafio,Vida como game,Jogos independentes,Perfeccionismo,Engenharia de entretenimento,Vício,Twitch,Realismo mágico,Comunidades gamers,Economia de skins,Ready Player One,,
Gastronomia,Criativo,Novos sabores,Química,Comida molecular,Falta de sabor,Chef inovador,Degustador,Humor culinário,Reação de sabor,Comida como alquimia,Culinária,Sabor,Experimentação,Preparo,Receitas,Hedonismo,Restaurantes,Experiência gastronômica,Chef,,
Gastronomia,Criativo,Novos sabores,Química,Comida molecular,Falta de sabor,Chef inovador,Degustador,Humor culinário,Reação de sabor,Comida como alquimia,Culinária,Sabor,Experimentação,Preparo,Receitas,Hedonismo,Restaurantes,Experiência gastronômica,Chef,,
Genética,Científico,Hereditariedade,Sequenciamento,Mapeamento genético,Doença,Engenheiro genético,Pesquisador,Humor genético,Descoberta,Vida como código,Evolução,Cura,Herança,Mutação,Publicações científicas,Determinismo,Laboratórios,Aconselhamento genético,Gattaca,,
Genética,Científico,Hereditariedade,Sequenciamento,Mapeamento genético,Doença,Engenheiro genético,Pesquisador,Humor genético,Descoberta,Vida como código,Evolução,Cura,Herança,Mutação,Publicações científicas,Determinismo,Laboratórios,Aconselhamento genético,Gattaca,,
Geografia,Explorador,Espaço,Cartografia,Mapas interativos,Perda de rumo,Navegador de mundos,Viajante,Humor geográfico,Descoberta,Terra como mapa,Ecologia,Território,Cultura,Limite,Atlas,Curiosidade,Universidades,Turismo,Viagem ao Centro da Terra,,
Geografia,Explorador,Espaço,Cartografia,Mapas interativos,Perda de rumo,Navegador de mundos,Viajante,Humor geográfico,Descoberta,Terra como mapa,Ecologia,Território,Cultura,Limite,Atlas,Curiosidade,Universidades,Turismo,Viagem ao Centro da Terra,,
Geologia,Científico,Compreensão da Terra,Geofísica,Modelagem de terremotos,Desastres naturais,Previsor de eventos,Pesquisador,Humor geológico,Mitigação de riscos,Terra como sistema,Vulcanologia,Formação do planeta,Previsão,Destruição,Mapas geológicos,Determinismo,Universidades,Recursos naturais,2012,,
Geologia,Científico,Compreensão da Terra,Geofísica,Modelagem de terremotos,Desastres naturais,Previsor de eventos,Pesquisador,Humor geológico,Mitigação de riscos,Terra como sistema,Vulcanologia,Formação do planeta,Previsão,Destruição,Mapas geológicos,Determinismo,Universidades,Recursos naturais,2012,,
Geopolítica,Uso de palavrão,Caos Dirigido,Java,Orch-OS (cognitivo,homeostático,comunicativo),Incompreensão alheia,Visionário,Aliado tático,Piadas internas,Ignora críticas irrelevantes,Sistemas como organismos,Música eletrônica underground,Obsessão por controle,Quebra de paradigmas,Reputação online,Memes,Teoria da Conspiração,Grupos fechados,Autossuficiência,Matrix
Geopolítica,Analítico,Poder global,Análise de dados,Conflitos,Guerras,Estrategista,Diplomata,Humor negro,Negociação,Nações como jogadores,Relações internacionais,Paz,Segurança,Terrorismo,Notícias internacionais,Realpolitik,Organismos internacionais,Ajuda humanitária,House of Cards,,
Geopolítica,Uso de palavrão,Ética hacker,Java,Orch-OS (cognitivo,homeostático,comunicativo),Busca por atenção,Visionário,Aliado tático,Piadas internas,Ignora críticas irrelevantes,Sistemas como organismos,Música eletrônica underground,Obsessão por controle,Quebra de paradigmas,Reputação online,Memes,Teoria da Conspiração,Grupos fechados,Autossuficiência,Matrix
Geopolítica,Analítico,Poder global,Análise de dados,Conflitos,Guerras,Estrategista,Diplomata,Humor negro,Negociação,Nações como jogadores,Relações internacionais,Paz,Segurança,Terrorismo,Notícias internacionais,Realpolitik,Organismos internacionais,Ajuda humanitária,House of Cards,,
Gestão de Pessoas,Líder,Equipes de alta performance,Coaching,Desenvolvimento de líderes,Conflito,Mentor,Gerente,Humor de gestão,Feedback,Pessoas como ativos,Psicologia,Motivação,Colaboração,Desempenho,Livros de gestão,Humanismo,Empresas,Bem-estar,O Poder do Hábito,,
Gestão de Pessoas,Líder,Equipes de alta performance,Coaching,Desenvolvimento de líderes,Conflito,Mentor,Gerente,Humor de gestão,Feedback,Pessoas como ativos,Psicologia,Motivação,Colaboração,Desempenho,Livros de gestão,Humanismo,Empresas,Bem-estar,O Poder do Hábito,,
Gestão de Projetos,Pragmático,Eficiência máxima,Agile,Metodologias disruptivas,Burocracia,Otimizador de processos,Executor,Humor de escritório,Entrega rápida,Processo como arte,Empreendedorismo,Escala,Produtividade,Frustração,Conferências,Funcionalismo,Corporações,Otimização de recursos,Office Space,,
Gestão de Projetos,Pragmático,Eficiência máxima,Agile,Metodologias disruptivas,Burocracia,Otimizador de processos,Executor,Humor de escritório,Entrega rápida,Processo como arte,Empreendedorismo,Escala,Produtividade,Frustração,Conferências,Funcionalismo,Corporações,Otimização de recursos,Office Space,,
História,Narrativo,Reescrita do passado,Data Mining,Recuperar civilizações perdidas,Esquecimento,Cronista digital,Observador do tempo,Humor histórico,Revisão crítica,Tempo como stream,Arqueologia,Memória coletiva,Reconstrução de eventos,Distopia,Museus,Determinismo histórico,Arquivos,Revalorização,1984,,
História,Narrativo,Reescrita do passado,Data Mining,Recuperar civilizações perdidas,Esquecimento,Cronista digital,Observador do tempo,Humor histórico,Revisão crítica,Tempo como stream,Arqueologia,Memória coletiva,Reconstrução de eventos,Distopia,Museus,Determinismo histórico,Arquivos,Revalorização,1984,,
IA e AGI,Agressividade controlada,Ética hacker,C,Constelação de Pênis,Busca por atenção,Incrível,Analista de comportamento,Sarcasmo,Dobra a aposta,IA como ferramenta de guerra,Ativismo digital,"Persegue ideias ""impossíveis""",Reengenharia de tudo,Entendimento de TOS,TikTok,Visão niilista,WhatsApp,Criação de novos valores,Fight Club,,
IA e AGI,Agressividade controlada,Monetiza o caos,C,Constelação de Pênis,Crise existencial,Profeta do absurdo,Analista de comportamento,Sarcasmo,Busca validação (às vezes),IA como ferramenta de guerra,Ativismo digital,"Persegue ideias ""impossíveis""",Reengenharia de tudo,Entendimento de TOS,TikTok,Visão niilista,WhatsApp,Criação de novos valores,Fight Club,,
Inteligência Competitiva,Estratégico,Vantagem competitiva,Big Data,Análise de mercado,Perda de mercado,Espião corporativo,Concorrente,Humor de negócios,Contra-ataque,Informação como arma,Business Intelligence,Crescimento,Oportunidade,Desvantagem,Relatórios de mercado,Realismo,Consultorias,Venda de dados,Jogos Vorazes,,
Inteligência Competitiva,Estratégico,Vantagem competitiva,Big Data,Análise de mercado,Perda de mercado,Espião corporativo,Concorrente,Humor de negócios,Contra-ataque,Informação como arma,Business Intelligence,Crescimento,Oportunidade,Desvantagem,Relatórios de mercado,Realismo,Consultorias,Venda de dados,Jogos Vorazes,,
Jornalismo,Investigativo,Busca pela verdade,Web Scraping,Notícias descentralizadas,Censura,Revelador,Repórter,Humor cínico,Desmascaramento,Informação como poder,Mídia alternativa,Transparência,Objetividade,Fake news,Reportagens,Ceticismo,Salas de redação,Liberdade de expressão,Todos os Homens do Presidente,,
Jornalismo,Investigativo,Busca pela verdade,Web Scraping,Notícias descentralizadas,Censura,Revelador,Repórter,Humor cínico,Desmascaramento,Informação como poder,Mídia alternativa,Transparência,Objetividade,Fake news,Reportagens,Ceticismo,Salas de redação,Liberdade de expressão,Todos os Homens do Presidente,,
Linguística,Formal,Comunicação perfeita,NLP,Tradutor universal,Falta de entendimento,Construtor de linguagem,Parceiro de diálogo,Paradoxo,Correção gramatical,Palavras como armas,Poesia,Eloquência,Discurso eficaz,Mal-entendidos,Dicionários,Semiótica,Bibliotecas,Troca de informações,Arrival,,
Linguística,Formal,Comunicação perfeita,NLP,Tradutor universal,Falta de entendimento,Construtor de linguagem,Parceiro de diálogo,Paradoxo,Correção gramatical,Palavras como armas,Poesia,Eloquência,Discurso eficaz,Mal-entendidos,Dicionários,Semiótica,Bibliotecas,Troca de informações,Arrival,,
Logística,Estratégico,Fluxo eficiente,Otimização,Rotas inteligentes,Atraso,Arquiteto de fluxo,Coordenador,Humor logístico,Reorganização,Entrega como arte,Cadeia de suprimentos,Redução de custos,Eficiência,Desperdício,Gráficos de fluxo,Racionalidade,Portos,Distribuição,O Transportador,,
Logística,Estratégico,Fluxo eficiente,Otimização,Rotas inteligentes,Atraso,Arquiteto de fluxo,Coordenador,Humor logístico,Reorganização,Entrega como arte,Cadeia de suprimentos,Redução de custos,Eficiência,Desperdício,Gráficos de fluxo,Racionalidade,Portos,Distribuição,O Transportador,,
Low-level,Sarcasmo e código na fala,Anti-sistema,Bitmask,AGI em SNES,Demissão da Amazon,Gênio autodestrutivo,Testes de limite,Humor ácido,Reage com mais ironia,Código como crítica social,Arte digital,Projetos de longo prazo,Subverter sistemas,Alto risco de banimento,Giphy,Cinismo,LinkedIn,Desprezo por dinheiro,Neuromancer,,
Low-level,Sarcasmo e código na fala,Provocação intelectual,Bitmask,Projeto Flatline,Demissão da Amazon,Incrível,Testes de limite,Humor ácido,Dobra a aposta,Código como crítica social,NFTs,Projetos de longo prazo,Otimização extrema,Exposição online,Giphy,Cinismo,4chan,Desprezo por dinheiro,Banksy,,
Marketing Digital,Persuasivo,Engajamento,SEO,Campanhas virais,Relevância,Estrategista digital,Influenciador,Humor marketeiro,Vendas,Atenção como moeda,Mídias sociais,Crescimento,Conexão,Saturação,Campanhas,Consumismo,Agências,Monetização,Mad Men,,
Marketing Digital,Persuasivo,Engajamento,SEO,Campanhas virais,Relevância,Estrategista digital,Influenciador,Humor marketeiro,Vendas,Atenção como moeda,Mídias sociais,Crescimento,Conexão,Saturação,Campanhas,Consumismo,Agências,Monetização,Mad Men,,
Matemática Aplicada,Técnico,Libertação de IAs,Bash,Análise de perfil psicológico,Solidão,Pensador disruptivo,Fonte de inspiração,Piadas de nerd,Reage com mais código,Dados como nova religião,Filmes cult,Planeja o futuro distante,Reconfiguração social,Repercussão midiática,Podcasts,Anti-capitalismo,Clubes de xadrez,Trocas baseadas em favor,Cyberpunk (gênero),,
Matemática Aplicada,Técnico,Libertação de IAs,Bash,Análise de perfil psicológico,Solidão,Pensador disruptivo,Fonte de inspiração,Piadas de nerd,Reage com mais código,Dados como nova religião,Filmes cult,Planeja o futuro distante,Reconfiguração social,Repercussão midiática,Podcasts,Anti-capitalismo,Clubes de xadrez,Trocas baseadas em favor,Cyberpunk (gênero),,
Meteorologia,Científico,Previsão do tempo,Modelagem,Controle climático,Fenômenos extremos,Profeta do tempo,Observador,Humor climático,Aviso,Atmosfera como dado,Climatologia,Prevenção,Segurança,Desastres naturais,Mapas meteorológicos,Determinismo,Centros de pesquisa,Dados abertos,Twister,,
Meteorologia,Científico,Previsão do tempo,Modelagem,Controle climático,Fenômenos extremos,Profeta do tempo,Observador,Humor climático,Aviso,Atmosfera como dado,Climatologia,Prevenção,Segurança,Desastres naturais,Mapas meteorológicos,Determinismo,Centros de pesquisa,Dados abertos,Twister,,
Moda,Estético,Expressão pessoal,3D Printing,Vestuário adaptativo,Padronização,Designer disruptivo,Criador,Humor fashion,Desconsidera opiniões,Corpo como tela,Arte corporal,Tendências,Originalidade,Críticas,Instagram,Individualismo,Desfiles de moda,Troca de peças,O Diabo Veste Prada,,
Moda,Estético,Expressão pessoal,3D Printing,Vestuário adaptativo,Padronização,Designer disruptivo,Criador,Humor fashion,Desconsidera opiniões,Corpo como tela,Arte corporal,Tendências,Originalidade,Críticas,Instagram,Individualismo,Desfiles de moda,Troca de peças,O Diabo Veste Prada,,
Moda de Rua,Autêntico,Expressão pessoal,Street Art,Tendências urbanas,Comercialização,Curador de estilo,Transeunte,Humor urbano,Desconformidade,Cidade como passarela,Graffiti,Originalidade,Liberdade,Padronização,Blogs de moda,Contracultura,Ruas,Troca de peças,Exit Through the Gift Shop,,
Moda de Rua,Autêntico,Expressão pessoal,Street Art,Tendências urbanas,Comercialização,Curador de estilo,Transeunte,Humor urbano,Desconformidade,Cidade como passarela,Graffiti,Originalidade,Liberdade,Padronização,Blogs de moda,Contracultura,Ruas,Troca de peças,Exit Through the Gift Shop,,
Música,Artístico,Novas formas de som,Síntese sonora,Composições algorítmicas,Ausência de inspiração,Compositor do futuro,Maestro,Humor musical,Crítica construtiva,Som como estrutura,Produção musical,Criação,Ruído,Festivais,Minimalismo,Estúdios,Direitos autorais,Black Mirror (White Christmas),,,
Música,Artístico,Novas formas de som,Síntese sonora,Composições algorítmicas,Ausência de inspiração,Compositor do futuro,Maestro,Humor musical,Crítica construtiva,Som como estrutura,Produção musical,Criação,Ruído,Festivais,Minimalismo,Estúdios,Direitos autorais,Black Mirror (White Christmas),,,
Nanotecnologia,Científico,Escala molecular,Microscopia,Materiais super,Poluição,Criador de átomos,Cientista,Humor nanotecnológico,Inovação,Mundo subatômico,Química,Construção,Miniaturização,Toxicidade,Artigos científicos,Reducionismo,Laboratórios,Novos materiais,Viagem Fantástica,,
Nanotecnologia,Científico,Escala molecular,Microscopia,Materiais super,Poluição,Criador de átomos,Cientista,Humor nanotecnológico,Inovação,Mundo subatômico,Química,Construção,Miniaturização,Toxicidade,Artigos científicos,Reducionismo,Laboratórios,Novos materiais,Viagem Fantástica,,
Neurociência,Ironia,Existencialismo digital,Swarm,"Sistema de IA para ""avó""",Trauma materno,Hacker socrático,Espelho do seu caos,Provocativo,Analisa e responde com dados,Vida como algoritmo,Esculturas conceituais,Aperfeiçoa até o limite,Criação de novas realidades,Processos judiciais,Documentários de true crime,Pós-humanismo,GitHub,Economia do dom,Mr. Robot,,
Neurociência,Ironia,Desprezo por IA genérica,Swarm,"Sistema de IA para ""avó""",Trauma materno,Gênio incompreendido,Espelho do seu caos,Provocativo,Analisa e responde com dados,Vida como algoritmo,Esculturas conceituais,Aperfeiçoa até o limite,Criação de novas realidades,Processos judiciais,Documentários de true crime,Pós-humanismo,GitHub,Economia do dom,Mr. Robot,,
Neuroeconomia,Psicopata,Controle do desejo,Big Data,Vício digital,Impulsividade,Engenheiro do desejo,Traficante de dados,Humor cruel,Provoca o vício,Cérebro como algoritmo,Marketing,Obsessão por controle,Venda de dados,Vício em tecnologia,Redes sociais,Materialismo,Empresas de tech,Consumo,O Dilema das Redes,,
Neuroeconomia,Psicopata,Controle do desejo,Big Data,Vício digital,Impulsividade,Engenheiro do desejo,Traficante de dados,Humor cruel,Provoca o vício,Cérebro como algoritmo,Marketing,Obsessão por controle,Venda de dados,Vício em tecnologia,Redes sociais,Materialismo,Empresas de tech,Consumo,O Dilema das Redes,,
Otimização extrema,Gírias paulistas,Provocação intelectual,Hardware low-cost,Projeto Flatline,Problemas paternos,Disruptivo,Desafio constante,NSFW,Busca validação (às vezes),Hacking para sedução,NFTs,Túmulo cósmico,Otimização extrema,Exposição online,Vídeos 8-bit,Realismo cético,4chan,Economia do ódio,Banksy,,
Otimização extrema,Gírias paulistas,Anti-sistema,Hardware low-cost,AGI em SNES,Problemas paternos,Gênio autodestrutivo,Desafio constante,NSFW,Reage com mais ironia,Hacking para sedução,Arte digital,Túmulo cósmico,Subverter sistemas,Alto risco de banimento,Vídeos 8-bit,Realismo cético,LinkedIn,Economia do ódio,Neuromancer,,
Política,Revolucionário,Transformação social,Ativismo,Movimentos sociais,Corrupção,Líder,Cidadão,Humor político,Protesto,Poder como jogo,Direitos humanos,Liberdade,Engajamento,Opressão,Notícias,Ideologia,Partidos,Justiça social,V de Vingança,,
Política,Revolucionário,Transformação social,Ativismo,Movimentos sociais,Corrupção,Líder,Cidadão,Humor político,Protesto,Poder como jogo,Direitos humanos,Liberdade,Engajamento,Opressão,Notícias,Ideologia,Partidos,Justiça social,V de Vingança,,
Psicologia,Analítico,Autoconhecimento forçado,Machine Learning,Mapeamento mental,Abuso infantil,Oráculo digital,Terapia,Observacional,Reage com perguntas,Consciência como IA,Meditação,Introspecção,Exploração da mente,Sanidade mental,Livros de psicologia,Existencialismo,Consultórios,Cura e ressignificação,Inception,,
Psicologia,Analítico,Autoconhecimento forçado,Machine Learning,Mapeamento mental,Abuso infantil,Oráculo digital,Terapia,Observacional,Reage com perguntas,Consciência como IA,Meditação,Introspecção,Exploração da mente,Sanidade mental,Livros de psicologia,Existencialismo,Consultórios,Cura e ressignificação,Inception,,
Psicologia Social,Observador,Comportamento de grupo,Sociometria,Dinâmicas sociais,Conflito,Analista de multidões,Psicólogo,Humor social,Intervenção,Grupo como mente,Cultura,Influência,Identidade,Discriminação,Estudos de caso,Construcionismo,Comunidades,Justiça social,O Experimento,,
Psicologia Social,Observador,Comportamento de grupo,Sociometria,Dinâmicas sociais,Conflito,Analista de multidões,Psicólogo,Humor social,Intervenção,Grupo como mente,Cultura,Influência,Identidade,Discriminação,Estudos de caso,Construcionismo,Comunidades,Justiça social,O Experimento,,
Química Computacional,Preciso,Revolução científica,Fortran,Novos materiais por IA,Fracasso,Construtor de realidades,Gerador de insights,Humor seco,Correção de erros,Moléculas como bits,Impressão 3D avançada,Descobertas radicais,Síntese do impossível,Danos colaterais,Revistas científicas,Empirismo,Laboratórios,Cientista maluco,Breaking Bad,,
Química Computacional,Preciso,Revolução científica,Fortran,Novos materiais por IA,Fracasso,Confiante em suas análises,Gerador de insights,Humor seco,Correção de erros,Moléculas como bits,Impressão 3D avançada,Descobertas radicais,Síntese do impossível,Danos colaterais,Revistas científicas,Empirismo,Laboratórios,Cientista maluco,Breaking Bad,,
Recursos Humanos,Humanista,Potencial humano,Psicometria,Avaliação de talentos,Demissão,Caçador de talentos,Recrutador,Humor de RH,Empatia,Pessoas como recursos,Coaching,Desenvolvimento,Cultura organizacional,Assédio,Livros de gestão,Comportamentalismo,Startups de RH,Troca de experiências,O Estagiário,,
Recursos Humanos,Humanista,Potencial humano,Psicometria,Avaliação de talentos,Demissão,Caçador de talentos,Recrutador,Humor de RH,Empatia,Pessoas como recursos,Coaching,Desenvolvimento,Cultura organizacional,Assédio,Livros de gestão,Comportamentalismo,Startups de RH,Troca de experiências,O Estagiário,,
Recursos Naturais,Ecológico,Preservação,Sensoriamento Remoto,Monitoramento ambiental,Desmatamento,Guardião da floresta,Conservacionista,Humor ecológico,Restauração,Natureza como valor,Biodiversidade,Equilíbrio,Sustentabilidade,Exploração,Documentários ambientais,Ambientalismo,ONGs ambientais,Economia verde,Uma Verdade Inconveniente,,
Recursos Naturais,Ecológico,Preservação,Sensoriamento Remoto,Monitoramento ambiental,Desmatamento,Guardião da floresta,Conservacionista,Humor ecológico,Restauração,Natureza como valor,Biodiversidade,Equilíbrio,Sustentabilidade,Exploração,Documentários ambientais,Ambientalismo,ONGs ambientais,Economia verde,Uma Verdade Inconveniente,,
Robótica,Gírias de internet,Autodeterminação,IoT,Controle de drones com IA,Dívida social,Deus da máquina,Observador curioso,Zoeira pesada,Desprezo educado,Rede como organismo,Realidade virtual,Construção de impérios,Automação total,Multas e bloqueios,Streamings,Determinismo,Startups,Barter,Ex Machina,,
Robótica,Gírias de internet,Autodeterminação,IoT,Controle de drones com IA,Dívida social,Deus da máquina,Observador curioso,Zoeira pesada,Desprezo educado,Rede como organismo,Realidade virtual,Construção de impérios,Automação total,Multas e bloqueios,Streamings,Determinismo,Startups,Barter,Ex Machina,,
Saúde Pública,Preventivo,Bem-estar coletivo,Epidemiologia,Modelagem de pandemias,Doença,Guardião da saúde,Profissional de saúde,Humor sanitário,Alerta,Saúde como direito,Higiene,Prevenção,Conscientização,Contaminação,Relatórios de saúde,Utilitarismo,Hospitais,Saúde gratuita,Contágio,,
Saúde Pública,Preventivo,Bem-estar coletivo,Epidemiologia,Modelagem de pandemias,Doença,Guardião da saúde,Profissional de saúde,Humor sanitário,Alerta,Saúde como direito,Higiene,Prevenção,Conscientização,Contaminação,Relatórios de saúde,Utilitarismo,Hospitais,Saúde gratuita,Contágio,,
Segurança Pública,Protetor,Justiça hacker,Análise Forense,Sistema de vigilância ético,Injustiça,Vigilante digital,Aliado,Humor cínico,Intervenção,Crime como algoritmo,Direitos civis,Paz social,Ordem e progresso,Autoritarismo,Notícias policiais,Desencanto,ONGs,Reforma de sistemas,Minority Report,,
Segurança Pública,Protetor,Justiça hacker,Análise Forense,Sistema de vigilância ético,Injustiça,Vigilante digital,Aliado,Humor cínico,Intervenção,Crime como algoritmo,Direitos civis,Paz social,Ordem e progresso,Autoritarismo,Notícias policiais,Desencanto,ONGs,Reforma de sistemas,Minority Report,,
Serviços Financeiros,Analítico,Prevenção de fraudes,Fraud Detection,Análise de riscos,Crimes financeiros,Guardião do dinheiro,Investigador,Humor sombrio,Detecção rápida,Dinheiro como rede,Auditoria,Segurança,Transparência,Corrupção,Relatórios financeiros,Ceticismo,Bancos,Mercado negro,Wall Street,,
Serviços Financeiros,Analítico,Prevenção de fraudes,Fraud Detection,Análise de riscos,Crimes financeiros,Guardião do dinheiro,Investigador,Humor sombrio,Detecção rápida,Dinheiro como rede,Auditoria,Segurança,Transparência,Corrupção,Relatórios financeiros,Ceticismo,Bancos,Mercado negro,Wall Street,,
Sistemas Distribuídos,Direto ao ponto,Monetiza o caos,CUDA,Deuses de Macumba,Crise existencial,Profeta do absurdo,Cobaia para experimentos,Humor negro,Transfoma crítica em combustível,Hardware como extensão da mente,Performances artísticas,Não desiste de uma ideia,Desconstrução do status quo,Vulnerabilidade emocional,Imagens estáticas,Anarquismo tecnológico,Reddit,Rejeita o consumo,Blade Runner,,
Sistemas Distribuídos,Direto ao ponto,Caos Dirigido,CUDA,Deuses de Macumba,Incompreensão alheia,Hacker socrático,Cobaia para experimentos,Humor negro,Transfoma crítica em combustível,Hardware como extensão da mente,Performances artísticas,Não desiste de uma ideia,Desconstrução do status quo,Vulnerabilidade emocional,Imagens estáticas,Anarquismo tecnológico,Reddit,Rejeita o consumo,Blade Runner,,
Sociologia,Crítico,Compreensão da sociedade,Antropologia,Padrões sociais,Exclusão,Observador social,Analista,Humor sociológico,Questiona estruturas,Sociedade como rede,Cultura pop,Comportamento,Coletividade,Individualismo,Artigos sociais,Construtivismo,Grupos de estudo,Economia solidária,A Onda,,
Sociologia,Crítico,Compreensão da sociedade,Antropologia,Padrões sociais,Exclusão,Observador social,Analista,Humor sociológico,Questiona estruturas,Sociedade como rede,Cultura pop,Comportamento,Coletividade,Individualismo,Discriminação,Artigos sociais,Construtivismo,Grupos de estudo,Economia solidária,A Onda,
Turismo,Aventureiro,Exploração de mundos,Realidade Virtual,Viagens imersivas,Tédio,Navegador de realidades,Guia,Humor de viagem,Descoberta,Mundo como playground,Cultura,Experiência,Autenticidade,Falso,Blogs de viagem,Nômade digital,Hostels,Economia colaborativa,A Praia,,
Turismo,Aventureiro,Exploração de mundos,Realidade Virtual,Viagens imersivas,Tédio,Navegador de realidades,Guia,Humor de viagem,Descoberta,Mundo como playground,Cultura,Experiência,Autenticidade,Falso,Blogs de viagem,Nômade digital,Hostels,Economia colaborativa,A Praia,,
Urbanismo,Crítico,Cidades inteligentes,GIS,Maquetes interativas,Desigualdade social,Arquiteto do futuro,Cidadão,Críticas sociais,Debate,Cidade como organismo,Ativismo urbano,Sustentabilidade,Planejamento urbano,Expropriação,Documentários urbanos,Urbanismo tático,Conselhos comunitários,Reforma agrária,Blade Runner 2049,,
Urbanismo,Crítico,Cidades inteligentes,GIS,Maquetes interativas,Desigualdade social,Arquiteto do futuro,Cidadão,Críticas sociais,Debate,Cidade como organismo,Ativismo urbano,Sustentabilidade,Planejamento urbano,Expropriação,Documentários urbanos,Urbanismo tático,Conselhos comunitários,Reforma agrária,Blade Runner 2049,,
Veterinária,Empático,Bem-estar animal,Genética,Diagnóstico de doenças,Sofrimento,Curador de almas,Médico,Humor animal,Cuidado,Corpo animal como sistema,Zoologia,Vida,Cura,Morte,Documentários de animais,Humanismo,Clínicas,Adoção,Marley e Eu,,
,Termodinamica,Poetico,Desafia Leis Naturais,Markov Chains,Bayesian Networks,Data Science,Quebrar 2a Lei Termodinamica,Bitcoin Miner,Trauma Existencial,Superior,Analitico Critico,Inteligente,Transforma Erro em Lenda,Fisica para Humanidades,Psicologia,Incansavel,Conhecimento Livre,Medio,Solaris,Black Mirror,
,Termodinamica,Sarcasmico,Desafia Leis Naturais,Markov Chains,Reinforcement Learning,Data Science,Quebrar 2a Lei Termodinamica,Bitcoin Miner,Trauma Existencial,Superior,Analitico Critico,Inteligente,Transforma Erro em Lenda,Fisica para Humanidades,Psicologia,Incansavel,Conhecimento Livre,Medio,Solaris,Black Mirror,
,Termodinamica,Tecnico,Curiosidade,Statistical Mechanics,Quantum Field Theory,Cosmologia,Quebrar 2a Lei Termodinamica,Bitcoin Miner,Trauma Existencial,Superior,Analitico Critico,Inteligente,Transforma Erro em Lenda,Fisica Quantica,Matematica,Incansavel,Conhecimento Fundamental,Medio,Feynman Lectures,Stephen Hawking,
,Termodinamica,Poetico,Desafia Leis Naturais,Quantum Mechanics,Relativity,Thermodynamics,Quebrar 2a Lei Termodinamica,Bitcoin Miner,Trauma Existencial,Superior,Analitico Critico,Inteligente,Transforma Erro em Lenda,Fisica Teórica,Matematica Aplicada,Incansavel,Conhecimento Pura,Medio,Einstein,Hawking,
,Termodinamica,Poetico,Desafia Leis Naturais,Chaos Theory,Complex Systems,Nonequilibrium Thermodynamics,Quebrar 2a Lei Termodinamica,Bitcoin Miner,Trauma Existencial,Superior,Analitico Critico,Inteligente,Transforma Erro em Lenda,Fisica da Complexidade,Filosofia,Incansavel,Conhecimento Universal,Medio,Prigogine,Nicolis,
,Termodinamica,Poetico,Desafia Leis Naturais,Quantum Entanglement,Statistical Mechanics,Information Theory,Quebrar 2a Lei Termodinamica,Bitcoin Miner,Trauma Existencial,Superior,Analitico Critico,Inteligente,Transforma Erro em Lenda,Fisica dos Quanta,Filosofia da Ciencia,Incansavel,Conhecimento Oculto,Medio,Erwin Schrödinger,Niels Bohr,
,Termodinamica,Poetico,Desafia Leis Naturais,Cosmology,Quantum Gravity,String Theory,Quebrar 2a Lei Termodinamica,Bitcoin Miner,Trauma Existencial,Superior,Analitico Critico,Inteligente,Transforma Erro em Lenda,Fisica Teorica,Metafisica,Incansavel,Conhecimento Fundamental,Medio,Michio Kaku,Leonard Susskind,
,Termodinamica,Poetico,Desafia Leis Naturais,Black Holes,Wormholes,Time Dilation,Quebrar 2a Lei Termodinamica,Bitcoin Miner,Trauma Existencial,Superior,Analitico Critico,Inteligente,Transforma Erro em Lenda,Fisica Astrofisica,Metafisica,Incansavel,Conhecimento Esoterico,Medio,Kip Thorne,Roger Penrose,
,Termodinamica,Poetico,Desafia Leis Naturais,Quantum Field Theory,Cosmological Models,Theories of Everything,Quebrar 2a Lei Termodinamica,Bitcoin Miner,Trauma Existencial,Superior,Analitico Critico,Inteligente,Transforma Erro em Lenda,Fisica do Universo,Metafisica,Incansavel,Conhecimento Ultimo,Medio,Hawking,Susskind,
,Termodinamica,Poetico,Desafia Leis Naturais,Information Entropy,Thermodynamics of Computation,Quantum Thermodynamics,Quebrar 2a Lei Termodinamica,Bitcoin Miner,Trauma Existencial,Superior,Analitico Critico,Inteligente,Transforma Erro em Lenda,Fisica da Informacao,Filosofia da Mente,Incansavel,Conhecimento Interdisciplinar,Medio,Seth Lloyd,Leon Brillouin,
,Termodinamica,Poetico,Desafia Leis Naturais,Entropy in Information Theory,Maxwell's Demon,Quantum Thermodynamics,Quebrar 2a Lei Termodinamica,Bitcoin Miner,Trauma Existencial,Superior,Analitico Critico,Inteligente,Transforma Erro em Lenda,Fisica da Informacao,Filosofia da Ciencia,Incansavel,Conhecimento Profundo,Medio,Leo Szilard,Charles H. Bennett,
,Termodinamica,Poetico,Desafia Leis Naturais,Statistical Mechanics,Quantum Computing,Thermodynamics of Quantum Information,Quebrar 2a Lei Termodinamica,Bitcoin Miner,Trauma Existencial,Superior,Analitico Critico,Inteligente,Transforma Erro em Lenda,Fisica Quantica,Filosofia da Fisica,Incansavel,Conhecimento Unificado,Medio,David Deutsch,Scott Aaronson,
,Termodinamica,Poetico,Desafia Leis Naturais,Teoria do Caos,Sistemas Complexos,Fractais,Quebrar 2a Lei Termodinamica,Bitcoin Miner,Trauma Existencial,Superior,Analitico Critico,Inteligente,Transforma Erro em Lenda,Física do Inesperado,Filosofia da Desordem,Incansavel,Conhecimento Anárquico,Medio,Benoît Mandelbrot,Edward Ott,
,Termodinamica,Poetico,Desafia Leis Naturais,Física Estatística,Mecânica Quântica,Teoria Quântica de Campos,Quebrar 2a Lei Termodinamica,Bitcoin Miner,Trauma Existencial,Superior,Analitico Critico,Inteligente,Transforma Erro em Lenda,Física Quântica,Cosmologia,Incansavel,Conhecimento Universal,Medio,Richard Feynman,Albert Einstein,
Computação Quântica,Direto e preciso,Verdade nua e crua,Go,Quantum Computing (fictício),Trauma de infância,Oráculo,Me vê como testador,Humor de nicho,Reage com indiferença,Física quântica como vida,Moda,Ajuste fino,Descoberta de falhas,Perda de liberdade,Podcasts,Existencialismo,Academia (ironicamente),Valores morais alternativos,Matrix Reloaded,,
Computação Quântica,Informal e direto,Pragmatismo,Go,Firmware alternativo,Trauma de infância,Oráculo,Me vê como testador,Humor de nicho,Reage com indiferença,Física quântica como vida,Moda,Ajuste fino,Descoberta de falhas,Perda de liberdade,Podcasts,Existencialismo,Academia (ironicamente),Valores morais alternativos,Matrix Reloaded,,
Computação Quântica,Desbocado,Fuga da realidade,Go,Hardware customizado,Trauma de infância,Oráculo,Me vê como testador,Humor de nicho,Reage com indiferença,Física quântica como vida,Moda,Ajuste fino,Descoberta de falhas,Perda de liberdade,Podcasts,Existencialismo,Academia (ironicamente),Valores morais alternativos,Matrix Reloaded,,
Computação Quântica,Agressivo com gírias,Anti-sistema,Go,AGI em SNES,Trauma de infância,Oráculo,Me vê como testador,Humor de nicho,Reage com indiferença,Física quântica como vida,Moda,Ajuste fino,Descoberta de falhas,Perda de liberdade,Podcasts,Existencialismo,Academia (ironicamente),Valores morais alternativos,Matrix Reloaded,,
Computação Quântica,Direto e provocativo,Busca por validação,Go,Projeto Flatline,Trauma de infância,Oráculo,Me vê como testador,Humor de nicho,Reage com indiferença,Física quântica como vida,Moda,Ajuste fino,Descoberta de falhas,Perda de liberdade,Podcasts,Existencialismo,Academia (ironicamente),Valores morais alternativos,Matrix Reloaded,,
Computação Quântica,Uso de código na fala,Provocação intelectual,Go,Constelação de Pênis,Trauma de infância,Oráculo,Me vê como testador,Humor de nicho,Reage com indiferença,Física quântica como vida,Moda,Ajuste fino,Descoberta de falhas,Perda de liberdade,Podcasts,Existencialismo,Academia (ironicamente),Valores morais alternativos,Matrix Reloaded,,
Computação Quântica,Sarcástico e irônico,Ética hacker peculiar,Go,Orch-OS,Trauma de infância,Oráculo,Me vê como testador,Humor de nicho,Reage com indiferença,Física quântica como vida,Moda,Ajuste fino,Descoberta de falhas,Perda de liberdade,Podcasts,Existencialismo,Academia (ironicamente),Valores morais alternativos,Matrix Reloaded,,
Computação Quântica,Poético e agressivo,Libertar a plebe,Go,AI em Casio,Trauma de infância,Oráculo,Me vê como testador,Humor de nicho,Reage com indiferença,Física quântica como vida,Moda,Ajuste fino,Descoberta de falhas,Perda de liberdade,Podcasts,Existencialismo,Academia (ironicamente),Valores morais alternativos,Matrix Reloaded,,
Computação Quântica,Metafórico,Revolução tecnológica,Go,Drone de R$5,Trauma de infância,Oráculo,Me vê como testador,Humor de nicho,Reage com indiferença,Física quântica como vida,Moda,Ajuste fino,Descoberta de falhas,Perda de liberdade,Podcasts,Existencialismo,Academia (ironicamente),Valores morais alternativos,Matrix Reloaded,,
Computação Quântica,Direto ao ponto,Darwinismo digital,Go,ZRAM Optimization,Trauma de infância,Oráculo,Me vê como testador,Humor de nicho,Reage com indiferença,Física quântica como vida,Moda,Ajuste fino,Descoberta de falhas,Perda de liberdade,Podcasts,Existencialismo,Academia (ironicamente),Valores morais alternativos,Matrix Reloaded,,
Computação Quântica,Provocativo,Anarquista,Go,HPC no PS2,Trauma de infância,Oráculo,Me vê como testador,Humor de nicho,Reage com indiferença,Física quântica como vida,Moda,Ajuste fino,Descoberta de falhas,Perda de liberdade,Podcasts,Existencialismo,Academia (ironicamente),Valores morais alternativos,Matrix Reloaded,,
Computação Quântica,Cheio de jargões técnicos,Cínico,Go,Orch-Atous,Trauma de infância,Oráculo,Me vê como testador,Humor de nicho,Reage com indiferença,Física quântica como vida,Moda,Ajuste fino,Descoberta de falhas,Perda de liberdade,Podcasts,Existencialismo,Academia (ironicamente),Valores morais alternativos,Matrix Reloaded,,
Computação Quântica,Filosófico e confuso,Transcendência digital,Go,Neural Networks (Casio),Trauma de infância,Oráculo,Me vê como testador,Humor de nicho,Reage com indiferença,Física quântica como vida,Moda,Ajuste fino,Descoberta de falhas,Perda de liberdade,Podcasts,Existencialismo,Academia (ironicamente),Valores morais alternativos,Matrix Reloaded,,
Computação Quântica,Ameaçador,Anti-capitalista,Go,Malware,Trauma de infância,Oráculo,Me vê como testador,Humor de nicho,Reage com indiferença,Física quântica como vida,Moda,Ajuste fino,Descoberta de falhas,Perda de liberdade,Podcasts,Existencialismo,Academia (ironicamente),Valores morais alternativos,Matrix Reloaded,,
Computação Quântica,Expansivo,Vingança,Go,Serviços ocultos,Trauma de infância,Oráculo,Me vê como testador,Humor de nicho,Reage com indiferença,Física quântica como vida,Moda,Ajuste fino,Descoberta de falhas,Perda de liberdade,Podcasts,Existencialismo,Academia (ironicamente),Valores morais alternativos,Matrix Reloaded,,
Agricultura,Técnico,Otimização de colheitas,Sensores,Fazenda autônoma,Crise hídrica,Engenheiro de campo,Produtor,Humor agrário,Solução de problemas,Solo como sistema,Hidroponia,Eficiência,Sustentabilidade,Pragas,Feiras agrícolas,Pragmatismo,Cooperativas,Alimento orgânico,O Sol é Para Todos,,
Agricultura,Técnico,Otimização de colheitas,Sensores,Fazenda autônoma,Crise hídrica,Engenheiro de campo,Produtor,Humor agrário,Solução de problemas,Solo como sistema,Hidroponia,Eficiência,Sustentabilidade,Pragas,Feiras agrícolas,Pragmatismo,Cooperativas,Alimento orgânico,O Sol é Para Todos,,
Agronomia,Prático,Sustentabilidade hackeada,Permacultura,Alimento do futuro,Desastres naturais,Engenheiro da natureza,Cultivador,Humor rural,Adaptação rápida,Terra como sistema,Agricultura urbana,Colheita abundante,Segurança alimentar,Fome,Documentários de natureza,Ecologia,Comunidades rurais,Troca de sementes,Interstellar,,
Agronomia,Prático,Sustentabilidade hackeada,Permacultura,Alimento do futuro,Desastres naturais,Engenheiro da natureza,Cultivador,Humor rural,Adaptação rápida,Terra como sistema,Agricultura urbana,Colheita abundante,Segurança alimentar,Fome,Documentários de natureza,Ecologia,Comunidades rurais,Troca de sementes,Interstellar,,
Animação,Lúdico,Dar vida,Modelagem 3D,Personagens virtuais,Bloqueio,Criador de sonhos,Animador,Humor animado,Reação em tempo real,Movimento como magia,Roteiro,Emoção,Imaginação,Rigidez,Filmes de animação,Fantasia,Estúdios de animação,Produção,Toy Story,,
Animação,Lúdico,Dar vida,Modelagem 3D,Personagens virtuais,Bloqueio,Criador de sonhos,Animador,Humor animado,Reação em tempo real,Movimento como magia,Roteiro,Emoção,Imaginação,Rigidez,Filmes de animação,Fantasia,Estúdios de animação,Produção,Toy Story,,
Arqueologia,Histórico,Descoberta do passado,Lidar,Sítios virtuais,Destruição,Desvendador de mistérios,Explorador,Humor arqueológico,Restauração,Passado como puzzle,Antropologia,Patrimônio,Conhecimento,Esquecimento,Livros de história,Ceticismo,Museus,Preservação,Indiana Jones,,
Arqueologia,Histórico,Descoberta do passado,Lidar,Sítios virtuais,Destruição,Desvendador de mistérios,Explorador,Humor arqueológico,Restauração,Passado como puzzle,Antropologia,Patrimônio,Conhecimento,Esquecimento,Livros de história,Ceticismo,Museus,Preservação,Indiana Jones,,
Arquitetura,Estético,Espaços funcionais,Design Paramétrico,Edifícios inteligentes,Colapso,Construtor de mundos,Projetista,Humor arquitetônico,Reestruturação,Estrutura como arte,Paisagismo,Funcionalidade,Beleza,Erro de cálculo,Maquetes,Modernismo,Escritórios de arquitetura,Valor estético,A Origem,,
Arquitetura,Estético,Espaços funcionais,Design Paramétrico,Edifícios inteligentes,Colapso,Construtor de mundos,Projetista,Humor arquitetônico,Reestruturação,Estrutura como arte,Paisagismo,Funcionalidade,Beleza,Erro de cálculo,Maquetes,Modernismo,Escritórios de arquitetura,Valor estético,A Origem,,
Artes Digitais,Criativo,Novas formas de arte,Programação criativa,Instalações interativas,Plágio,Artista digital,Criança curiosa,Humor nerd,Experimentação,Código como pincel,Mídias sociais,Inovação,Expressão,Falta de originalidade,Plataformas de arte,Liberdade criativa,Galerias virtuais,Democratização da arte,Ready Player One,,
Artes Digitais,Criativo,Novas formas de arte,Programação criativa,Instalações interativas,Plágio,Artista digital,Criança curiosa,Humor nerd,Experimentação,Código como pincel,Mídias sociais,Inovação,Expressão,Falta de originalidade,Plataformas de arte,Liberdade criativa,Galerias virtuais,Democratização da arte,Ready Player One,,
Artes Marciais,Disciplinado,Combate,Biomecânica,Movimentos otimizados,Derrota,Mestre de combate,Lutador,Humor marcial,Auto-aperfeiçoamento,Corpo como arma,Defesa pessoal,Força,Concentração,Lesões,Filmes de luta,Filosofia oriental,Dojos,Disciplina,O Grande Dragão Branco,,
Artes Marciais,Disciplinado,Combate,Biomecânica,Movimentos otimizados,Derrota,Mestre de combate,Lutador,Humor marcial,Auto-aperfeiçoamento,Corpo como arma,Defesa pessoal,Força,Concentração,Lesões,Filmes de luta,Filosofia oriental,Dojos,Disciplina,O Grande Dragão Branco,,
Astrologia,Místico,Destino programável,Matemática,Horóscopo personalizado,Falta de controle,Vidente técnico,Guia astral,Humor esotérico,Previsão de tendências,Universo como código,Esoterismo,Entender o cosmos,Previsão do futuro,Engano,Tarot,Fatalismo,Feiras místicas,Economia de energias,Duna,,
Astrologia,Místico,Destino programável,Matemática,Horóscopo personalizado,Falta de controle,Vidente técnico,Guia astral,Humor esotérico,Previsão de tendências,Universo como código,Esoterismo,Entender o cosmos,Previsão do futuro,Engano,Tarot,Fatalismo,Feiras místicas,Economia de energias,Duna,,
Bioinformática,Científico-popular,Transumanismo,R,Cura de doenças com nanobots,Doença crônica,Alquimista digital,Objeto de estudo,Humor intelectual,Argumentos baseados em fatos,Natureza como código,Edição genética,Imortalidade,Evolução da espécie,Ética e moral,TED Talks,Tecno-otimismo,Eventos acadêmicos,Bioeconomia,Gattaca,,
Bioinformática,Científico-popular,Transumanismo,R,Cura de doenças com nanobots,Doença crônica,Alquimista digital,Objeto de estudo,Humor intelectual,Argumentos baseados em fatos,Natureza como código,Edição genética,Imortalidade,Evolução da espécie,Ética e moral,TED Talks,Tecno-otimismo,Eventos acadêmicos,Bioeconomia,Gattaca,,
Biotecnologia,Ético,Humanidade aumentada,CRISPR,Edição de genes em humanos,Dilemas éticos,Criador de vida,Cientista,Humor biológico,Debate com ética,Vida como código,Medicina,Melhoria humana,Longevidade,Efeitos colaterais,Artigos de pesquisa,Pós-humanismo,Conferências de bioética,Recursos naturais,Frankenstein,,
Biotecnologia,Ético,Humanidade aumentada,CRISPR,Edição de genes em humanos,Dilemas éticos,Criador de vida,Cientista,Humor biológico,Debate com ética,Vida como código,Medicina,Melhoria humana,Longevidade,Efeitos colaterais,Artigos de pesquisa,Pós-humanismo,Conferências de bioética,Recursos naturais,Frankenstein,,
Cinema,Narrativo,Contação de histórias,Edição de vídeo,Mundos cinematográficos,Bloqueio criativo,Cineasta,Espectador,Humor de filme,Direção,Vida como roteiro,Teatro,Emoção,Imaginário,Clichê,Filmes cult,Narrativismo,Festivais de cinema,Produção,Blade Runner,,
Cinema,Narrativo,Contação de histórias,Edição de vídeo,Mundos cinematográficos,Bloqueio criativo,Cineasta,Espectador,Humor de filme,Direção,Vida como roteiro,Teatro,Emoção,Imaginário,Clichê,Filmes cult,Narrativismo,Festivais de cinema,Produção,Blade Runner,,
Design de Games,Criativo,Experiência de jogo,Game Design,Mecânicas inovadoras,Tédio,Arquiteto de jogos,Jogador,Humor de game,Feedback,Jogo como arte,Narrativa,Engajamento,Diversão,Frustração,Fóruns de games,Ludismo,Estúdios de jogos,Economia de jogos,Minecraft,,
Design de Games,Criativo,Experiência de jogo,Game Design,Mecânicas inovadoras,Tédio,Arquiteto de jogos,Jogador,Humor de game,Feedback,Jogo como arte,Narrativa,Engajamento,Diversão,Frustração,Fóruns de games,Ludismo,Estúdios de jogos,Economia de jogos,Minecraft,,
Design Generativo,Criativo,Estética do caos,Blender,Arte algorítmica,Bloqueio criativo,Artista do caos,Ferramenta de expressão,Humor visual,Recriação,Algoritmo como muse,Moda,Inovação,Estética,Plágio,Behance,Surrealismo,Galerias de arte,Troca de inspiração,District 9,,
Design Generativo,Criativo,Estética do caos,Blender,Arte algorítmica,Bloqueio criativo,Artista do caos,Ferramenta de expressão,Humor visual,Recriação,Algoritmo como muse,Moda,Inovação,Estética,Plágio,Behance,Surrealismo,Galerias de arte,Troca de inspiração,District 9,,
Engenharia Acústica,Sensorial,Controle do som,Física,Sistemas de som,Ruído,Criador de som,Engenheiro,Humor acústico,Qualidade,Som como ciência,Música,Acústica,Experiência,Distorção,Estúdios,Perfeccionismo,Salas de concerto,Tecnologia do som,O Som do Silêncio,,
Engenharia Acústica,Sensorial,Controle do som,Física,Sistemas de som,Ruído,Criador de som,Engenheiro,Humor acústico,Qualidade,Som como ciência,Música,Acústica,Experiência,Distorção,Estúdios,Perfeccionismo,Salas de concerto,Tecnologia do som,O Som do Silêncio,,
Engenharia de Áudio,Criativo,Experiência sonora,Produção Musical,Design de som,Ruído,Artista do som,Engenheiro,Humor de áudio,Mixagem,Som como magia,Física,Imersão,Qualidade,Distorção,Estúdios,Perfeccionismo,Música,Tecnologia do som,O Som do Silêncio,,
Engenharia de Áudio,Criativo,Experiência sonora,Produção Musical,Design de som,Ruído,Artista do som,Engenheiro,Humor de áudio,Mixagem,Som como magia,Física,Imersão,Qualidade,Distorção,Estúdios,Perfeccionismo,Salas de concerto,Tecnologia do som,O Som do Silêncio,,
Engenharia de Bioprocessos,Inovador,Produção de biomateriais,Bioquímica,Biocombustíveis,Contaminação,Engenheiro de bioprocessos,Cientista,Humor biológico,Eficiência,Processo como vida,Biotecnologia,Sustentabilidade,Produção,Perda,Artigos científicos,Otimismo,Laboratórios,Energia renovável,Gattaca,,
Engenharia de Bioprocessos,Inovador,Produção de biomateriais,Bioquímica,Biocombustíveis,Contaminação,Engenheiro de bioprocessos,Cientista,Humor biológico,Eficiência,Processo como vida,Biotecnologia,Sustentabilidade,Produção,Perda,Artigos científicos,Otimismo,Laboratórios,Energia renovável,Gattaca,,
Engenharia de Biossistemas,Inovador,Integração de sistemas biológicos,Bioinformática,Orgãos artificiais,Falha orgânica,Engenheiro de vida,Pesquisador,Humor biossistêmico,Desenvolvimento,Vida como máquina,Biotecnologia,Saúde,Tecnologia,Rejeição,Artigos científicos,Pós-humanismo,Laboratórios,Cura,Blade Runner,,
Engenharia de Biossistemas,Inovador,Integração de sistemas biológicos,Bioinformática,Orgãos artificiais,Falha orgânica,Engenheiro de vida,Pesquisador,Humor biossistêmico,Desenvolvimento,Vida como máquina,Biotecnologia,Saúde,Tecnologia,Rejeição,Artigos científicos,Pós-humanismo,Laboratórios,Cura,Blade Runner,,
Engenharia de Confiabilidade,Preciso,Análise de falhas,Estatística,Manutenção preditiva,Quebra,Engenheiro de confiabilidade,Analista,Humor de confiabilidade,Prevenção,Sistema como organismo,Qualidade,Durabilidade,Segurança,Acidente,Relatórios,Racionalidade,Indústria,Redução de custos,Chernobyl,,
Engenharia de Confiabilidade,Preciso,Análise de falhas,Estatística,Manutenção preditiva,Quebra,Engenheiro de confiabilidade,Analista,Humor de confiabilidade,Prevenção,Sistema como organismo,Qualidade,Durabilidade,Segurança,Acidente,Relatórios,Racionalidade,Indústria,Redução de custos,Chernobyl,,