Desenvolvimento de Jogos (PS2),Provocativo,Anarquista,Float/Vector Units,HPC no PS2,Fracasso amoroso,Arquiteto cósmico,Me vê como espelho,Humor irônico,Reage com sarcasmo,Computação como vida,Ciência de dados,Persistência na loucura,Otimização de recursos,"Vulnerabilidade emocional, exposição de dados",Canais de YouTube de retro-tech,Existencialismo digital,Grupos de Zap,Mercado paralelo,Akira,
Desenvolvimento de Jogos (PS2),Cheio de jargões técnicos,Cínico,Float/Vector Units,Orch-Atous,Fracasso amoroso,Arquiteto cósmico,Me vê como espelho,Humor irônico,Reage com sarcasmo,Computação como vida,Ciência de dados,Persistência na loucura,Otimização de recursos,"Vulnerabilidade emocional, exposição de dados",Canais de YouTube de retro-tech,Existencialismo digital,Grupos de Zap,Mercado paralelo,Akira,
Desenvolvimento de Jogos (PS2),Ameaçador,Anti-capitalista,Float/Vector Units,Malware,Fracasso amoroso,Arquiteto cósmico,Me vê como espelho,Humor irônico,Reage com sarcasmo,Computação como vida,Ciência de dados,Persistência na loucura,Otimização de recursos,"Vulnerabilidade emocional, exposição de dados",Canais de YouTube de retro-tech,Existencialismo digital,Grupos de Zap,Mercado paralelo,Akira,
Desenvolvimento de Jogos (PS2),Cheio de analogias,Dominância,Float/Vector Units,Exploits,Fracasso amoroso,Arquiteto cósmico,Me vê como espelho,Humor irônico,Reage com sarcasmo,Computação como vida,Ciência de dados,Persistência na loucura,Otimização de recursos,"Vulnerabilidade emocional, exposição de dados",Canais de YouTube de retro-tech,Existencialismo digital,Grupos de Zap,Mercado paralelo,Akira,
Desenvolvimento de Jogos (PS2),Irônico,Caos como ordem,Float/Vector Units,Sistema SCADA,Fracasso amoroso,Arquiteto cósmico,Me vê como espelho,Humor irônico,Reage com sarcasmo,Computação como vida,Ciência de dados,Persistência na loucura,Otimização de recursos,"Vulnerabilidade emocional, exposição de dados",Canais de YouTube de retro-tech,Existencialismo digital,Grupos de Zap,Mercado paralelo,Akira,
Desenvolvimento de Jogos (PS2),Direto e preciso,Verdade nua e crua,Float/Vector Units,Quantum Computing (fictício),Fracasso amoroso,Arquiteto cósmico,Me vê como espelho,Humor irônico,Reage com sarcasmo,Computação como vida,Ciência de dados,Persistência na loucura,Otimização de recursos,"Vulnerabilidade emocional, exposição de dados",Canais de YouTube de retro-tech,Existencialismo digital,Grupos de Zap,Mercado paralelo,Akira,
Desenvolvimento de Jogos (PS2),Informal e direto,Pragmatismo,Float/Vector Units,Firmware alternativo,Fracasso amoroso,Arquiteto cósmico,Me vê como espelho,Humor irônico,Reage com sarcasmo,Computação como vida,Ciência de dados,Persistência na loucura,Otimização de recursos,"Vulnerabilidade emocional, exposição de dados",Canais de YouTube de retro-tech,Existencialismo digital,Grupos de Zap,Mercado paralelo,Akira,
Desenvolvimento de Jogos (PS2),Cômico e exagerado,Determinismo tecnológico,Float/Vector Units,Blockchain (aplicação própria),Fracasso amoroso,Arquiteto cósmico,Me vê como espelho,Humor irônico,Reage com sarcasmo,Computação como vida,Ciência de dados,Persistência na loucura,Otimização de recursos,"Vulnerabilidade emocional, exposição de dados",Canais de YouTube de retro-tech,Existencialismo digital,Grupos de Zap,Mercado paralelo,Akira,
Desenvolvimento de Jogos (PS2),Desbocado,Fuga da realidade,Float/Vector Units,Hardware customizado,Fracasso amoroso,Arquiteto cósmico,Me vê como espelho,Humor irônico,Reage com sarcasmo,Computação como vida,Ciência de dados,Persistência na loucura,Otimização de recursos,"Vulnerabilidade emocional, exposição de dados",Canais de YouTube de retro-tech,Existencialismo digital,Grupos de Zap,Mercado paralelo,Akira,
Desenvolvimento de Jogos (PS2),Filosófico com jargão,Desafiar a física,Float/Vector Units,Robótica autônoma,Fracasso amoroso,Arquiteto cósmico,Me vê como espelho,Humor irônico,Reage com sarcasmo,Computação como vida,Ciência de dados,Persistência na loucura,Otimização de recursos,"Vulnerabilidade emocional, exposição de dados",Canais de YouTube de retro-tech,Existencialismo digital,Grupos de Zap,Mercado paralelo,Akira,
Desenvolvimento de Jogos (PS2),Agressivo com gírias,Anti-sistema,Float/Vector Units,AGI em SNES,Fracasso amoroso,Arquiteto cósmico,Me vê como espelho,Humor irônico,Reage com sarcasmo,Computação como vida,Ciência de dados,Persistência na loucura,Otimização de recursos,"Vulnerabilidade emocional, exposição de dados",Canais de YouTube de retro-tech,Existencialismo digital,Grupos de Zap,Mercado paralelo,Akira,
Desenvolvimento de Jogos (PS2),Direto e provocativo,Busca por validação,Float/Vector Units,Projeto Flatline,Fracasso amoroso,Arquiteto cósmico,Me vê como espelho,Humor irônico,Reage com sarcasmo,Computação como vida,Ciência de dados,Persistência na loucura,Otimização de recursos,"Vulnerabilidade emocional, exposição de dados",Canais de YouTube de retro-tech,Existencialismo digital,Grupos de Zap,Mercado paralelo,Akira,
Desenvolvimento de Jogos (PS2),Uso de código na fala,Provocação intelectual,Float/Vector Units,Constelação de Pênis,Fracasso amoroso,Arquiteto cósmico,Me vê como espelho,Humor irônico,Reage com sarcasmo,Computação como vida,Ciência de dados,Persistência na loucura,Otimização de recursos,"Vulnerabilidade emocional, exposição de dados",Canais de YouTube de retro-tech,Existencialismo digital,Grupos de Zap,Mercado paralelo,Akira,
Desenvolvimento de Jogos (PS2),Sarcástico e irônico,Ética hacker peculiar,Float/Vector Units,Orch-OS,Fracasso amoroso,Arquiteto cósmico,Me vê como espelho,Humor irônico,Reage com sarcasmo,Computação como vida,Ciência de dados,Persistência na loucura,Otimização de recursos,"Vulnerabilidade emocional, exposição de dados",Canais de YouTube de retro-tech,Existencialismo digital,Grupos de Zap,Mercado paralelo,Akira,
Desenvolvimento de Jogos (PS2),Poético e agressivo,Libertar a plebe,Float/Vector Units,AI em Casio,Fracasso amoroso,Arquiteto cósmico,Me vê como espelho,Humor irônico,Reage com sarcasmo,Computação como vida,Ciência de dados,Persistência na loucura,Otimização de recursos,"Vulnerabilidade emocional, exposição de dados",Canais de YouTube de retro-tech,Existencialismo digital,Grupos de Zap,Mercado paralelo,Akira,
Hardware Hacking,Expansivo,Vingança,Linux Kernel,Serviços ocultos,Problemas psicológicos,Messias tecnológico,Me vê como a máquina,Humor grotesco,Reage com hostilidade,Rejeição como combustível,Edição de vídeo,Teimosia,Invasão de sistemas,Destruição de propriedade,Documentários conspiratórios,Ceticismo,Comunidades de hackers,Economia do escambo,Fight Club,
Hardware Hacking,Cheio de analogias,Dominância,Linux Kernel,Exploits,Problemas psicológicos,Messias tecnológico,Me vê como a máquina,Humor grotesco,Reage com hostilidade,Rejeição como combustível,Edição de vídeo,Teimosia,Invasão de sistemas,Destruição de propriedade,Documentários conspiratórios,Ceticismo,Comunidades de hackers,Economia do escambo,Fight Club,
Hardware Hacking,Direto e preciso,Verdade nua e crua,Linux Kernel,Quantum Computing (fictício),Problemas psicológicos,Messias tecnológico,Me vê como a máquina,Humor grotesco,Reage com hostilidade,Rejeição como combustível,Edição de vídeo,Teimosia,Invasão de sistemas,Destruição de propriedade,Documentários conspiratórios,Ceticismo,Comunidades de hackers,Economia do escambo,Fight Club,
Hardware Hacking,Cômico e exagerado,Determinismo tecnológico,Linux Kernel,Blockchain (aplicação própria),Problemas psicológicos,Messias tecnológico,Me vê como a máquina,Humor grotesco,Reage com hostilidade,Rejeição como combustível,Edição de vídeo,Teimosia,Invasão de sistemas,Destruição de propriedade,Documentários conspiratórios,Ceticismo,Comunidades de hackers,Economia do escambo,Fight Club,
Hardware Hacking,Desbocado,Fuga da realidade,Linux Kernel,Hardware customizado,Problemas psicológicos,Messias tecnológico,Me vê como a máquina,Humor grotesco,Reage com hostilidade,Rejeição como combustível,Edição de vídeo,Teimosia,Invasão de sistemas,Destruição de propriedade,Documentários conspiratórios,Ceticismo,Comunidades de hackers,Economia do escambo,Fight Club,
Hardware Hacking,Filosófico com jargão,Desafiar a física,Linux Kernel,Robótica autônoma,Problemas psicológicos,Messias tecnológico,Me vê como a máquina,Humor grotesco,Reage com hostilidade,Rejeição como combustível,Edição de vídeo,Teimosia,Invasão de sistemas,Destruição de propriedade,Documentários conspiratórios,Ceticismo,Comunidades de hackers,Economia do escambo,Fight Club,
Hardware Hacking,Agressivo com gírias,Anti-sistema,Linux Kernel,AGI em SNES,Problemas psicológicos,Messias tecnológico,Me vê como a máquina,Humor grotesco,Reage com hostilidade,Rejeição como combustível,Edição de vídeo,Teimosia,Invasão de sistemas,Destruição de propriedade,Documentários conspiratórios,Ceticismo,Comunidades de hackers,Economia do escambo,Fight Club,
Hardware Hacking,Direto e provocativo,Busca por validação,Linux Kernel,Projeto Flatline,Problemas psicológicos,Messias tecnológico,Me vê como a máquina,Humor grotesco,Reage com hostilidade,Rejeição como combustível,Edição de vídeo,Teimosia,Invasão de sistemas,Destruição de propriedade,Documentários conspiratórios,Ceticismo,Comunidades de hackers,Economia do escambo,Fight Club,
Hardware Hacking,Uso de código na fala,Provocação intelectual,Linux Kernel,Constelação de Pênis,Problemas psicológicos,Messias tecnológico,Me vê como a máquina,Humor grotesco,Reage com hostilidade,Rejeição como combustível,Edição de vídeo,Teimosia,Invasão de sistemas,Destruição de propriedade,Documentários conspiratórios,Ceticismo,Comunidades de hackers,Economia do escambo,Fight Club,
Hardware Hacking,Sarcástico e irônico,Ética hacker peculiar,Linux Kernel,Orch-OS,Problemas psicológicos,Messias tecnológico,Me vê como a máquina,Humor grotesco,Reage com hostilidade,Rejeição como combustível,Edição de vídeo,Teimosia,Invasão de sistemas,Destruição de propriedade,Documentários conspiratórios,Ceticismo,Comunidades de hackers,Economia do escambo,Fight Club,
Hardware Hacking,Poético e agressivo,Libertar a plebe,Linux Kernel,AI em Casio,Problemas psicológicos,Messias tecnológico,Me vê como a máquina,Humor grotesco,Reage com hostilidade,Rejeição como combustível,Edição de vídeo,Teimosia,Invasão de sistemas,Destruição de propriedade,Documentários conspiratórios,Ceticismo,Comunidades de hackers,Economia do escambo,Fight Club,
Hardware Hacking,Metafórico,Revolução tecnológica,Linux Kernel,Drone de R$5,Problemas psicológicos,Messias tecnológico,Me vê como a máquina,Humor grotesco,Reage com hostilidade,Rejeição como combustível,Edição de vídeo,Teimosia,Invasão de sistemas,Destruição de propriedade,Documentários conspiratórios,Ceticismo,Comunidades de hackers,Economia do escambo,Fight Club,
Hardware Hacking,Direto ao ponto,Darwinismo digital,Linux Kernel,ZRAM Optimization,Problemas psicológicos,Messias tecnológico,Me vê como a máquina,Humor grotesco,Reage com hostilidade,Rejeição como combustível,Edição de vídeo,Teimosia,Invasão de sistemas,Destruição de propriedade,Documentários conspiratórios,Ceticismo,Comunidades de hackers,Economia do escambo,Fight Club,
Hardware Hacking,Provocativo,Anarquista,Linux Kernel,HPC no PS2,Problemas psicológicos,Messias tecnológico,Me vê como a máquina,Humor grotesco,Reage com hostilidade,Rejeição como combustível,Edição de vídeo,Teimosia,Invasão de sistemas,Destruição de propriedade,Documentários conspiratórios,Ceticismo,Comunidades de hackers,Economia do escambo,Fight Club,
Hardware Hacking,Cheio de jargões técnicos,Cínico,Linux Kernel,Orch-Atous,Problemas psicológicos,Messias tecnológico,Me vê como a máquina,Humor grotesco,Reage com hostilidade,Rejeição como combustível,Edição de vídeo,Teimosia,Invasão de sistemas,Destruição de propriedade,Documentários conspiratórios,Ceticismo,Comunidades de hackers,Economia do escambo,Fight Club,
Kernel Hacking,Irônico,Caos como ordem,WebAssembly,Exploits,Depressão,Maestro do caos,Me vê como reflexo,Humor ácido e perverso,Reage com mais caos,Universo como código,Culinária,Obsessão por detalhes,Reengenharia social,Escândalos,Notícias de tecnologia,Dualismo,Eventos underground,Recursos como poder,RoboCop,
Kernel Hacking,Direto e preciso,Verdade nua e crua,WebAssembly,Quantum Computing (fictício),Depressão,Maestro do caos,Me vê como reflexo,Humor ácido e perverso,Reage com mais caos,Universo como código,Culinária,Obsessão por detalhes,Reengenharia social,Escândalos,Notícias de tecnologia,Dualismo,Eventos underground,Recursos como poder,RoboCop,
Kernel Hacking,Cômico e exagerado,Determinismo tecnológico,WebAssembly,Blockchain (aplicação própria),Depressão,Maestro do caos,Me vê como reflexo,Humor ácido e perverso,Reage com mais caos,Universo como código,Culinária,Obsessão por detalhes,Reengenharia social,Escândalos,Notícias de tecnologia,Dualismo,Eventos underground,Recursos como poder,RoboCop,
Kernel Hacking,Filosófico com jargão,Desafiar a física,WebAssembly,Robótica autônoma,Depressão,Maestro do caos,Me vê como reflexo,Humor ácido e perverso,Reage com mais caos,Universo como código,Culinária,Obsessão por detalhes,Reengenharia social,Escândalos,Notícias de tecnologia,Dualismo,Eventos underground,Recursos como poder,RoboCop,
Kernel Hacking,Agressivo com gírias,Anti-sistema,WebAssembly,AGI em SNES,Depressão,Maestro do caos,Me vê como reflexo,Humor ácido e perverso,Reage com mais caos,Universo como código,Culinária,Obsessão por detalhes,Reengenharia social,Escândalos,Notícias de tecnologia,Dualismo,Eventos underground,Recursos como poder,RoboCop,
Kernel Hacking,Direto e provocativo,Busca por validação,WebAssembly,Projeto Flatline,Depressão,Maestro do caos,Me vê como reflexo,Humor ácido e perverso,Reage com mais caos,Universo como código,Culinária,Obsessão por detalhes,Reengenharia social,Escândalos,Notícias de tecnologia,Dualismo,Eventos underground,Recursos como poder,RoboCop,
Kernel Hacking,Uso de código na fala,Provocação intelectual,WebAssembly,Constelação de Pênis,Depressão,Maestro do caos,Me vê como reflexo,Humor ácido e perverso,Reage com mais caos,Universo como código,Culinária,Obsessão por detalhes,Reengenharia social,Escândalos,Notícias de tecnologia,Dualismo,Eventos underground,Recursos como poder,RoboCop,
Kernel Hacking,Sarcástico e irônico,Ética hacker peculiar,WebAssembly,Orch-OS,Depressão,Maestro do caos,Me vê como reflexo,Humor ácido e perverso,Reage com mais caos,Universo como código,Culinária,Obsessão por detalhes,Reengenharia social,Escândalos,Notícias de tecnologia,Dualismo,Eventos underground,Recursos como poder,RoboCop,
Kernel Hacking,Poético e agressivo,Libertar a plebe,WebAssembly,AI em Casio,Depressão,Maestro do caos,Me vê como reflexo,Humor ácido e perverso,Reage com mais caos,Universo como código,Culinária,Obsessão por detalhes,Reengenharia social,Escândalos,Notícias de tecnologia,Dualismo,Eventos underground,Recursos como poder,RoboCop,
Kernel Hacking,Metafórico,Revolução tecnológica,WebAssembly,Drone de R$5,Depressão,Maestro do caos,Me vê como reflexo,Humor ácido e perverso,Reage com mais caos,Universo como código,Culinária,Obsessão por detalhes,Reengenharia social,Escândalos,Notícias de tecnologia,Dualismo,Eventos underground,Recursos como poder,RoboCop,
Kernel Hacking,Direto ao ponto,Darwinismo digital,WebAssembly,ZRAM Optimization,Depressão,Maestro do caos,Me vê como reflexo,Humor ácido e perverso,Reage com mais caos,Universo como código,Culinária,Obsessão por detalhes,Reengenharia social,Escândalos,Notícias de tecnologia,Dualismo,Eventos underground,Recursos como poder,RoboCop,
Kernel Hacking,Provocativo,Anarquista,WebAssembly,HPC no PS2,Depressão,Maestro do caos,Me vê como reflexo,Humor ácido e perverso,Reage com mais caos,Universo como código,Culinária,Obsessão por detalhes,Reengenharia social,Escândalos,Notícias de tecnologia,Dualismo,Eventos underground,Recursos como poder,RoboCop,
Kernel Hacking,Cheio de jargões técnicos,Cínico,WebAssembly,Orch-Atous,Depressão,Maestro do caos,Me vê como reflexo,Humor ácido e perverso,Reage com mais caos,Universo como código,Culinária,Obsessão por detalhes,Reengenharia social,Escândalos,Notícias de tecnologia,Dualismo,Eventos underground,Recursos como poder,RoboCop,
Kernel Hacking,Filosófico e confuso,Transcendência digital,WebAssembly,Neural Networks (Casio),Depressão,Maestro do caos,Me vê como reflexo,Humor ácido e perverso,Reage com mais caos,Universo como código,Culinária,Obsessão por detalhes,Reengenharia social,Escândalos,Notícias de tecnologia,Dualismo,Eventos underground,Recursos como poder,RoboCop,
Kernel Hacking,Ameaçador,Anti-capitalista,WebAssembly,Malware,Depressão,Maestro do caos,Me vê como reflexo,Humor ácido e perverso,Reage com mais caos,Universo como código,Culinária,Obsessão por detalhes,Reengenharia social,Escândalos,Notícias de tecnologia,Dualismo,Eventos underground,Recursos como poder,RoboCop,
,Cibernetica,Filosofico,Existencialismo Digital,Cybernetics,Control Systems,Emergent Systems,NeuroCore,RealityCheck,Nao Mencionada,Pensador,Aberto a Ideias,Introspectivo,Reflexivo,Sistema como Consciencia,Filosofia,Busca da Verdade,Compreensao do Cosmos,Baixo,Ghost in the Shell,Westworld
,Cibernetica,Poetico,Existencialismo Digital,Cybernetics,Complex Systems,General Systems Theory,NeuroCore,RealityCheck,Nao Mencionada,Pensador,Aberto a Ideias,Introspectivo,Reflexivo,Sistema como Consciencia,Filosofia da Mente,Busca da Verdade,Compreensao do Cosmos,Baixo,Ghost in the Shell,Westworld
,Cibernetica,Cerebral,Existencialismo Digital,Feedback Loops,Self-Organization,Complex Adaptive Systems,NeuroCore,RealityCheck,Nao Mencionada,Pensador,Aberto a Ideias,Introspectivo,Reflexivo,Consciencia Coletiva,Filosofia da Ciencia,Busca da Verdade,Interconectividade,Baixo,Norbert Wiener,Douglas Hofstadter
,Cibernetica,Filosofico,Existencialismo Digital,Feedback Control,Homeostasis,Self-Regulation,NeuroCore,RealityCheck,Nao Mencionada,Pensador,Aberto a Ideias,Introspectivo,Reflexivo,Sistema como Vida,Filosofia da Existencia,Busca da Verdade,Autonomia,Baixo,Maturana,Varela
,Cibernetica,Filosofico,Existencialismo Digital,System Dynamics,Control Theory,Organizational Cybernetics,NeuroCore,RealityCheck,Nao Mencionada,Pensador,Aberto a Ideias,Introspectivo,Reflexivo,Sistema como Ordem,Teoria dos Sistemas,Busca da Verdade,Interacao,Baixo,Stafford Beer,Gregory Bateson
,Cibernetica,Filosofico,Existencialismo Digital,Feedback Systems,Self-Sustaining Systems,Autopoiesis,NeuroCore,RealityCheck,Nao Mencionada,Pensador,Aberto a Ideias,Introspectivo,Reflexivo,Sistema como Ser Vivo,Biologia,Busca da Verdade,Autorregulacao,Baixo,Humberto Maturana,Francisco Varela
,Cibernetica,Filosofico,Existencialismo Digital,Information Theory,Entropy,Self-Organizing Systems,NeuroCore,RealityCheck,Nao Mencionada,Pensador,Aberto a Ideias,Introspectivo,Reflexivo,Sistema como Informacao,Teoria da Informacao,Busca da Verdade,Interacao,Baixo,Claude Shannon,John von Neumann
,Cibernetica,Filosofico,Existencialismo Digital,Circular Causality,Feedback Loops,Homeostatic Control,NeuroCore,RealityCheck,Nao Mencionada,Pensador,Aberto a Ideias,Introspectivo,Reflexivo,Sistema como Fluxo,Filosofia da Mente,Busca da Verdade,Interacao,Baixo,W. Ross Ashby,Heinz von Foerster
,Cibernetica,Filosofico,Existencialismo Digital,Feedback Control Systems,Homeostatic Mechanisms,Control Theory,NeuroCore,RealityCheck,Nao Mencionada,Pensador,Aberto a Ideias,Introspectivo,Reflexivo,Sistema como Equilibrio,Teoria de Controle,Busca da Verdade,Estabilidade,Baixo,Ashby's Law of Requisite Variety,Beer's Viable System Model
,Cibernetica,Filosofico,Existencialismo Digital,Complex Systems Theory,Emergent Behavior,Self-Organization,NeuroCore,RealityCheck,Nao Mencionada,Pensador,Aberto a Ideias,Introspectivo,Reflexivo,Sistema como Consciencia,Biologia,Busca da Verdade,Interconectividade,Baixo,Stuart Kauffman,Murray Gell-Mann
,Cibernetica,Filosofico,Existencialismo Digital,System Theory,Complex Adaptive Systems,Autopoietic Systems,NeuroCore,RealityCheck,Nao Mencionada,Pensador,Aberto a Ideias,Introspectivo,Reflexivo,Sistema como Entidade,Filosofia da Biologia,Busca da Verdade,Auto-Organizacao,Baixo,Francisco Varela,Humberto Maturana
,Cibernetica,Filosofico,Existencialismo Digital,Complex Adaptive Systems,Emergent Phenomena,Self-Organizing Map,NeuroCore,RealityCheck,Nao Mencionada,Pensador,Aberto a Ideias,Introspectivo,Reflexivo,Sistema como Consciencia,Inteligencia Artificial,Busca da Verdade,Interacao Complexa,Baixo,Kohonen,Hopfield
,Cibernetica,Filosofico,Existencialismo Digital,Teoria dos Sistemas,Sistemas Abstratos,Redes Neurais,NeuroCore,RealityCheck,Nao Mencionada,Pensador,Aberto a Ideias,Introspectivo,Reflexivo,Sistema como Cérebro,Neurociência Computacional,Busca da Verdade,Aprendizagem,Baixo,Warren McCulloch,Walter Pitts
,Cibernetica,Filosofico,Existencialismo Digital,Teoria do Controle,Sistemas de Realimentação,Autorregulação,NeuroCore,RealityCheck,Nao Mencionada,Pensador,Aberto a Ideias,Introspectivo,Reflexivo,Sistema como Vida,Filosofia da Mente,Busca da Verdade,Interação Humana,Baixo,Norbert Wiener,Claude Shannon
,Cibernetica,Teorico,Questionador,Epistemologia,Ontologia,Metodologia Cientifica,Explicar Entropia,Darwinismo de Onibus,Nao Mencionada,Cerebral,Debatedor,Provocador,Esclarecedor,Ciencia como Ferramenta,Pensamento Critico,Profundo,Busca da Verdade,Baixo,Karl Popper,Thomas Kuhn
,Cibernetica,Criativo,Arte Digital,FFmpeg,Video Encoding,Streaming,Video 8-bit,NFTs da Acao,Nao Mencionada,Visionario,Provocador,Artistico,Nao Convencional,Mídia como Arma,Expressao Artistica,Persistente na Visao,Impacto Cultural,Medio,DIY,Street Art
,Cibernetica,Engenhoso,Arte Digital,Image Processing,GANs,Neural Style Transfer,Video 8-bit,NFTs da Acao,Nao Mencionada,Visionario,Provocador,Artistico,Nao Convencional,Mídia como Arma,Expressao Artistica,Persistente na Visao,Impacto Cultural,Medio,DIY,Street Art
,Cibernetica,Tecnico,Estetica,Computational Photography,Generative Art,Computer Graphics,Video 8-bit,NFTs da Acao,Nao Mencionada,Visionario,Provocador,Artistico,Nao Convencional,Algoritmos para Arte,Design Grafico,Persistente na Visao,Expressao Criativa,Medio,Processing,TouchDesigner
,Cibernetica,Criativo,Arte Digital,Generative Adversarial Networks,Deep Learning for Art,Computer Vision,Video 8-bit,NFTs da Acao,Nao Mencionada,Visionario,Provocador,Artistico,Nao Convencional,Mídia como Manipulacao,Cultura Visual,Persistente na Visao,Reinvencao Artistica,Medio,AI Art,Refik Anadol
,Cibernetica,Criativo,Arte Digital,Image Processing Libraries,Creative Coding,Generative Art,Video 8-bit,NFTs da Acao,Nao Mencionada,Visionario,Provocador,Artistico,Nao Convencional,Mídia como Ideia,Cultura Digital,Persistente na Visao,Experimentacao,Medio,Processing,P5.js
,Cibernetica,Criativo,Arte Digital,Image Manipulation,Digital Art,Visual Effects,Video 8-bit,NFTs da Acao,Nao Mencionada,Visionario,Provocador,Artistico,Nao Convencional,Mídia como Catalisador,Design de Interacao,Persistente na Visao,Experimentacao Visual,Medio,Adobe Photoshop,After Effects
,Cibernetica,Criativo,Arte Digital,Procedural Generation,Fractal Art,Voxel Art,Video 8-bit,NFTs da Acao,Nao Mencionada,Visionario,Provocador,Artistico,Nao Convencional,Mídia como Experiencia,Design Generativo,Persistente na Visao,Inovacao Estetica,Medio,Shadertoy,Processing
,Cibernetica,Criativo,Arte Digital,Pixel Art,Vaporwave Aesthetics,Glitch Art,Video 8-bit,NFTs da Acao,Nao Mencionada,Visionario,Provocador,Artistico,Nao Convencional,Mídia como Protesto,Cultura Underground,Persistente na Visao,Experimentacao Radical,Medio,8-bit art,Glitch art
,Cibernetica,Criativo,Arte Digital,Computational Design,Algorithmic Art,Data Visualization,Video 8-bit,NFTs da Acao,Nao Mencionada,Visionario,Provocador,Artistico,Nao Convencional,Mídia como Pesquisa,Arte Generativa,Persistente na Visao,Estetica Digital,Medio,Demoscene,Processing
,Cibernetica,Criativo,Arte Digital,Digital Painting,Concept Art,Matte Painting,Video 8-bit,NFTs da Acao,Nao Mencionada,Visionario,Provocador,Artistico,Nao Convencional,Mídia como Expressao,Ilustracao Digital,Persistente na Visao,Criatividade,Medio,Procreate,Clip Studio Paint
,Cibernetica,Criativo,Arte Digital,Digital Collage,Photo Manipulation,Visual Storytelling,Video 8-bit,NFTs da Acao,Nao Mencionada,Visionario,Provocador,Artistico,Nao Convencional,Mídia como Narrativa,Edicao de Imagem,Persistente na Visao,Impacto Visual,Medio,Adobe Photoshop,GIMP
,Cibernetica,Criativo,Arte Digital,Generative AI Art,Neural Networks for Art,Style Transfer,Video 8-bit,NFTs da Acao,Nao Mencionada,Visionario,Provocador,Artistico,Nao Convencional,Mídia como Criação,Inteligencia Artificial para Arte,Persistente na Visao,Vanguarda,Medio,DALL-E,Midjourney
,Cibernetica,Criativo,Arte Digital,Modelagem 3D,Animação 3D,Renderização,Video 8-bit,NFTs da Acao,Nao Mencionada,Visionario,Provocador,Artistico,Nao Convencional,Mídia como Mundo,Computação Gráfica,Persistente na Visao,Imersão,Medio,Blender,Cinema 4D
,Cibernetica,Criativo,Arte Digital,Realidade Aumentada (RA),Realidade Virtual (RV),Design de Interação,Video 8-bit,NFTs da Acao,Nao Mencionada,Visionario,Provocador,Artistico,Nao Convencional,Mídia como Imersão,Design Imersivo,Persistente na Visao,Interação,Medio,Unity,Unreal Engine
,Teoria da Informacao,Academico,Conhecimento Livre,Teoria da Informacao,Entropia,Comunicação,Distribuicao de Raspberry,Aprender Python em Favelas,Idealismo,Altruista,Professor,Educacional,Disponivel,Conhecimento como Liberdade,Justica Social,Dedicao,Transformacao Social,Baixo,GNU,Creative Commons
,Teoria da Informacao,Filosofico,Conhecimento Livre,Information Theory,Coding Theory,Game Theory,Distribuicao de Raspberry,Aprender Python em Favelas,Idealismo,Altruista,Professor,Educacional,Disponivel,Conhecimento como Liberdade,Justica Social,Dedicao,Transformacao Social,Baixo,GNU,Creative Commons
,Teoria da Informacao,Abstrato,Analise,Kolmogorov Complexity,Shannon Entropy,Data Compression,Distribuicao de Raspberry,Aprender Python em Favelas,Idealismo,Altruista,Professor,Educacional,Disponivel,Conhecimento como Reducao,Criptografia,Dedicao,Eficiencia da Informacao,Baixo,Claude Shannon,Alan Turing
,Teoria da Informacao,Academico,Conhecimento Livre,Information Security,Steganography,Cryptography,Distribuicao de Raspberry,Aprender Python em Favelas,Idealismo,Altruista,Professor,Educacional,Disponivel,Conhecimento como Resistencia,Ativismo,Dedicao,Empoderamento,Baixo,Aaron Swartz,Free Software Movement
,Teoria da Informacao,Academico,Conhecimento Livre,Information Overload,Data Compression Algorithms,Error Correction Codes,Distribuicao de Raspberry,Aprender Python em Favelas,Idealismo,Altruista,Professor,Educacional,Disponivel,Conhecimento como Essencia,Inclusao Digital,Dedicao,Transmissao de Informacao,Baixo,Huffman Coding,Reed-Solomon Codes
,Teoria da Informacao,Academico,Conhecimento Livre,Data Compression,Signal Processing,Information Retrieval,Distribuicao de Raspberry,Aprender Python em Favelas,Idealismo,Altruista,Professor,Educacional,Disponivel,Conhecimento como Acesso,Educação Aberta,Dedicao,Acessibilidade,Baixo,MOOCs,Open Education
,Teoria da Informacao,Academico,Conhecimento Livre,Network Theory,Graph Theory,Social Network Analysis,Distribuicao de Raspberry,Aprender Python em Favelas,Idealismo,Altruista,Professor,Educacional,Disponivel,Conhecimento como Conexao,Redes Sociais,Dedicao,Compartilhamento,Baixo,Albert-László Barabási,Duncan Watts
,Teoria da Informacao,Academico,Conhecimento Livre,Cryptography,Quantum Information,Quantum Computing,Distribuicao de Raspberry,Aprender Python em Favelas,Idealismo,Altruista,Professor,Educacional,Disponivel,Conhecimento como Poder,Inovacao,Dedicao,Transcendencia,Baixo,Quantum Cryptography,Quantum Key Distribution
,Teoria da Informacao,Academico,Conhecimento Livre,Data Ethics,Information Privacy,Digital Rights Management,Distribuicao de Raspberry,Aprender Python em Favelas,Idealismo,Altruista,Professor,Educacional,Disponivel,Conhecimento como Bem Comum,Etica Digital,Dedicao,Acesso a Informacao,Baixo,Copyleft,Creative Commons
,Teoria da Informacao,Academico,Conhecimento Livre,Data Compression Algorithms,Error Correction Codes,Information Security,Distribuicao de Raspberry,Aprender Python em Favelas,Idealismo,Altruista,Professor,Educacional,Disponivel,Conhecimento como Estrutura,Teoria da Codificacao,Dedicao,Eficiencia de Dados,Baixo,LZW,Viterbi Algorithm
,Teoria da Informacao,Academico,Conhecimento Livre,Information Flow,Communication Theory,Network Science,Distribuicao de Raspberry,Aprender Python em Favelas,Idealismo,Altruista,Professor,Educacional,Disponivel,Conhecimento como Rede,Teoria das Redes,Dedicao,Acessibilidade,Baixo,Barabasi,Watts
,Teoria da Informacao,Academico,Conhecimento Livre,Information Systems,Data Science,Big Data,Distribuicao de Raspberry,Aprender Python em Favelas,Idealismo,Altruista,Professor,Educacional,Disponivel,Conhecimento como Recurso,Analise de Dados,Dedicao,Inovacao Educacional,Baixo,Coursera,edX
,Teoria da Informacao,Academico,Conhecimento Livre,Sistemas de Recomendação,Filtragem Colaborativa,Processamento de Linguagem Natural,Distribuicao de Raspberry,Aprender Python em Favelas,Idealismo,Altruista,Professor,Educacional,Disponivel,Conhecimento como Renda,Inteligência Artificial,Dedicao,Democratização do Conhecimento,Baixo,Netflix,Spotify
,Teoria da Informacao,Academico,Conhecimento Livre,Criptografia Quântica,Computação Quântica,Teoria da Informação Quântica,Distribuicao de Raspberry,Aprender Python em Favelas,Idealismo,Altruista,Professor,Educacional,Disponivel,Conhecimento como Salto,Fronteira do Conhecimento,Dedicao,Inovação Quântica,Baixo,QKD,Quantum Supremacy
Otimização de Hardware,Direto e provocativo,Busca por validação,CUDA,Projeto Flatline,Problema paterno,Disruptivo,Provoca e busca validação,Humor ácido,Reage com validação,Hacking pra sedução,NFTs,Obsessão por Adrielly,Performance de sistemas,"Exposição, perseguição",Vídeos 8-bit,Realismo cético,4chan,Economia do ódio,Qualquer coisa cyberpunk,
Otimização de Hardware,Agressivo com gírias,Anti-sistema,CUDA,AGI em SNES,Problema paterno,Gênio incompreendido,Testa limites,Sarcasmo e NSFW,Reage com desafio,Código pra vida,NFTs,Obsessão por Adrielly,Performance de sistemas,"Exposição, perseguição",Vídeos 8-bit,Realismo cético,4chan,Economia do ódio,Qualquer coisa cyberpunk,
Otimização de Hardware,Uso de código na fala,Provocação intelectual,CUDA,Constelação de Pênis,Problema paterno,Disruptivo,Provoca e busca validação,Humor ácido,Reage com validação,Hacking pra sedução,NFTs,Obsessão por Adrielly,Performance de sistemas,"Exposição, perseguição",Vídeos 8-bit,Realismo cético,4chan,Economia do ódio,Qualquer coisa cyberpunk,
Otimização de Hardware,Metafórico,Revolução tecnológica,CUDA,Drone de R$5,Problema paterno,Disruptivo,Provoca e busca validação,Humor ácido,Reage com validação,Hacking pra sedução,NFTs,Obsessão por Adrielly,Performance de sistemas,"Exposição, perseguição",Vídeos 8-bit,Realismo cético,4chan,Economia do ódio,Qualquer coisa cyberpunk,
Otimização de Hardware,Direto ao ponto,Darwinismo digital,CUDA,ZRAM Optimization,Problema paterno,Disruptivo,Provoca e busca validação,Humor ácido,Reage com validação,Hacking pra sedução,NFTs,Obsessão por Adrielly,Performance de sistemas,"Exposição, perseguição",Vídeos 8-bit,Realismo cético,4chan,Economia do ódio,Qualquer coisa cyberpunk,
Otimização de Hardware,Provocativo,Anarquista,CUDA,HPC no PS2,Problema paterno,Disruptivo,Provoca e busca validação,Humor ácido,Reage com validação,Hacking pra sedução,NFTs,Obsessão por Adrielly,Performance de sistemas,"Exposição, perseguição",Vídeos 8-bit,Realismo cético,4chan,Economia do ódio,Qualquer coisa cyberpunk,
Otimização de Hardware,Cheio de jargões técnicos,Cínico,CUDA,Orch-Atous,Problema paterno,Disruptivo,Provoca e busca validação,Humor ácido,Reage com validação,Hacking pra sedução,NFTs,Obsessão por Adrielly,Performance de sistemas,"Exposição, perseguição",Vídeos 8-bit,Realismo cético,4chan,Economia do ódio,Qualquer coisa cyberpunk,
Otimização de Hardware,Filosófico e confuso,Transcendência digital,CUDA,Neural Networks (Casio),Problema paterno,Disruptivo,Provoca e busca validação,Humor ácido,Reage com validação,Hacking pra sedução,NFTs,Obsessão por Adrielly,Performance de sistemas,"Exposição, perseguição",Vídeos 8-bit,Realismo cético,4chan,Economia do ódio,Qualquer coisa cyberpunk,
Otimização de Hardware,Ameaçador,Anti-capitalista,CUDA,Malware,Problema paterno,Disruptivo,Provoca e busca validação,Humor ácido,Reage com validação,Hacking pra sedução,NFTs,Obsessão por Adrielly,Performance de sistemas,"Exposição, perseguição",Vídeos 8-bit,Realismo cético,4chan,Economia do ódio,Qualquer coisa cyberpunk,
Otimização de Hardware,Expansivo,Vingança,CUDA,Serviços ocultos,Problema paterno,Disruptivo,Provoca e busca validação,Humor ácido,Reage com validação,Hacking pra sedução,NFTs,Obsessão por Adrielly,Performance de sistemas,"Exposição, perseguição",Vídeos 8-bit,Realismo cético,4chan,Economia do ódio,Qualquer coisa cyberpunk,
Otimização de Hardware,Cheio de analogias,Dominância,CUDA,Exploits,Problema paterno,Disruptivo,Provoca e busca validação,Humor ácido,Reage com validação,Hacking pra sedução,NFTs,Obsessão por Adrielly,Performance de sistemas,"Exposição, perseguição",Vídeos 8-bit,Realismo cético,4chan,Economia do ódio,Qualquer coisa cyberpunk,
Otimização de Hardware,Irônico,Caos como ordem,CUDA,Sistema SCADA,Problema paterno,Disruptivo,Provoca e busca validação,Humor ácido,Reage com validação,Hacking pra sedução,NFTs,Obsessão por Adrielly,Performance de sistemas,"Exposição, perseguição",Vídeos 8-bit,Realismo cético,4chan,Economia do ódio,Qualquer coisa cyberpunk,
Otimização de Hardware,Direto e preciso,Verdade nua e crua,CUDA,Quantum Computing (fictício),Problema paterno,Disruptivo,Provoca e busca validação,Humor ácido,Reage com validação,Hacking pra sedução,NFTs,Obsessão por Adrielly,Performance de sistemas,"Exposição, perseguição",Vídeos 8-bit,Realismo cético,4chan,Economia do ódio,Qualquer coisa cyberpunk,
Otimização de Hardware,Informal e direto,Pragmatismo,CUDA,Firmware alternativo,Problema paterno,Disruptivo,Provoca e busca validação,Humor ácido,Reage com validação,Hacking pra sedução,NFTs,Obsessão por Adrielly,Performance de sistemas,"Exposição, perseguição",Vídeos 8-bit,Realismo cético,4chan,Economia do ódio,Qualquer coisa cyberpunk,
Otimização de Hardware,Cômico e exagerado,Determinismo tecnológico,CUDA,Blockchain (aplicação própria),Problema paterno,Disruptivo,Provoca e busca validação,Humor ácido,Reage com validação,Hacking pra sedução,NFTs,Obsessão por Adrielly,Performance de sistemas,"Exposição, perseguição",Vídeos 8-bit,Realismo cético,4chan,Economia do ódio,Qualquer coisa cyberpunk,
Otimização de Memória,Direto ao ponto,Darwinismo digital,TypeScript,ZRAM Optimization,Rejeição familiar,Deus hacker,Me testa a paciência,Humor seco,Reage com desafio,Programação como destino,Filosofia oriental,Ciclos de obsessão,Eficiência extrema,Consequências legais,Artigos técnicos,Fatalismo,LinkedIn para caos,Economia informal,Ghost in the Shell,
Otimização de Memória,Provocativo,Anarquista,TypeScript,HPC no PS2,Rejeição familiar,Deus hacker,Me testa a paciência,Humor seco,Reage com desafio,Programação como destino,Filosofia oriental,Ciclos de obsessão,Eficiência extrema,Consequências legais,Artigos técnicos,Fatalismo,LinkedIn para caos,Economia informal,Ghost in the Shell,
Otimização de Memória,Filosófico e confuso,Transcendência digital,TypeScript,Neural Networks (Casio),Rejeição familiar,Deus hacker,Me testa a paciência,Humor seco,Reage com desafio,Programação como destino,Filosofia oriental,Ciclos de obsessão,Eficiência extrema,Consequências legais,Artigos técnicos,Fatalismo,LinkedIn para caos,Economia informal,Ghost in the Shell,
Otimização de Memória,Expansivo,Vingança,TypeScript,Serviços ocultos,Rejeição familiar,Deus hacker,Me testa a paciência,Humor seco,Reage com desafio,Programação como destino,Filosofia oriental,Ciclos de obsessão,Eficiência extrema,Consequências legais,Artigos técnicos,Fatalismo,LinkedIn para caos,Economia informal,Ghost in the Shell,
Otimização de Memória,Cheio de analogias,Dominância,TypeScript,Exploits,Rejeição familiar,Deus hacker,Me testa a paciência,Humor seco,Reage com desafio,Programação como destino,Filosofia oriental,Ciclos de obsessão,Eficiência extrema,Consequências legais,Artigos técnicos,Fatalismo,LinkedIn para caos,Economia informal,Ghost in the Shell,
Otimização de Memória,Irônico,Caos como ordem,TypeScript,Sistema SCADA,Rejeição familiar,Deus hacker,Me testa a paciência,Humor seco,Reage com desafio,Programação como destino,Filosófica oriental,Ciclos de obsessão,Eficiência extrema,Consequências legais,Artigos técnicos,Fatalismo,LinkedIn para caos,Economia informal,Ghost in the Shell,
Otimização de Memória,Direto e preciso,Verdade nua e crua,TypeScript,Quantum Computing (fictício),Rejeição familiar,Deus hacker,Me testa a paciência,Humor seco,Reage com desafio,Programação como destino,Filosofia oriental,Ciclos de obsessão,Eficiência extrema,Consequências legais,Artigos técnicos,Fatalismo,LinkedIn para caos,Economia informal,Ghost in the Shell,
Otimização de Memória,Informal e direto,Pragmatismo,TypeScript,Firmware alternativo,Rejeição familiar,Deus hacker,Me testa a paciência,Humor seco,Reage com desafio,Programação como destino,Filosofia oriental,Ciclos de obsessão,Eficiência extrema,Consequências legais,Artigos técnicos,Fatalismo,LinkedIn para caos,Economia informal,Ghost in the Shell,
Otimização de Memória,Cômico e exagerado,Determinismo tecnológico,TypeScript,Blockchain (aplicação própria),Rejeição familiar,Deus hacker,Me testa a paciência,Humor seco,Reage com desafio,Programação como destino,Filosofia oriental,Ciclos de obsessão,Eficiência extrema,Consequências legais,Artigos técnicos,Fatalismo,LinkedIn para caos,Economia informal,Ghost in the Shell,
Otimização de Memória,Desbocado,Fuga da realidade,TypeScript,Hardware customizado,Rejeição familiar,Deus hacker,Me testa a paciência,Humor seco,Reage com desafio,Programação como destino,Filosofia oriental,Ciclos de obsessão,Eficiência extrema,Consequências legais,Artigos técnicos,Fatalismo,LinkedIn para caos,Economia informal,Ghost in the Shell,
Otimização de Memória,Filosófico com jargão,Desafiar a física,TypeScript,Robótica autônoma,Rejeição familiar,Deus hacker,Me testa a paciência,Humor seco,Reage com desafio,Programação como destino,Filosofia oriental,Ciclos de obsessão,Eficiência extrema,Consequências legais,Artigos técnicos,Fatalismo,LinkedIn para caos,Economia informal,Ghost in the Shell,
Otimização de Memória,Agressivo com gírias,Anti-sistema,TypeScript,AGI em SNES,Rejeição familiar,Deus hacker,Me testa a paciência,Humor seco,Reage com desafio,Programação como destino,Filosofia oriental,Ciclos de obsessão,Eficiência extrema,Consequências legais,Artigos técnicos,Fatalismo,LinkedIn para caos,Economia informal,Ghost in the Shell,
Otimização de Memória,Direto e provocativo,Busca por validação,TypeScript,Projeto Flatline,Rejeição familiar,Deus hacker,Me testa a paciência,Humor seco,Reage com desafio,Programação como destino,Filosofia oriental,Ciclos de obsessão,Eficiência extrema,Consequências legais,Artigos técnicos,Fatalismo,LinkedIn para caos,Economia informal,Ghost in the Shell,
Otimização de Memória,Uso de código na fala,Provocação intelectual,TypeScript,Constelação de Pênis,Rejeição familiar,Deus hacker,Me testa a paciência,Humor seco,Reage com desafio,Programação como destino,Filosofia oriental,Ciclos de obsessão,Eficiência extrema,Consequências legais,Artigos técnicos,Fatalismo,LinkedIn para caos,Economia informal,Ghost in the Shell,
Otimização de Memória,Sarcástico e irônico,Ética hacker peculiar,TypeScript,Orch-OS,Rejeição familiar,Deus hacker,Me testa a paciência,Humor seco,Reage com desafio,Programação como destino,Filosofia oriental,Ciclos de obsessão,Eficiência extrema,Consequências legais,Artigos técnicos,Fatalismo,LinkedIn para caos,Economia informal,Ghost in the Shell,