,Geopolítica,Uso de código na fala,Ética hacker,Hardware low-cost,AGI em SNES,Demissão,Gênio,Testes,Sarcasmo,Rejeita críticas,Código para vida,Arte digital,Projetos de longo prazo,Subversão de sistemas,Exposição,Giphy,Realismo cético,4chan,Economia do ódio,Banksy
,Geopolítica,Uso de código na fala,Ética hacker,Hardware low-cost,Projeto Flatline,Problema paterno,Disruptivo,Provocações,Humor ácido,Aceita validações,Código para vida,NFTs,Projetos de longo prazo,Subversão de sistemas,Exposição,Vídeos 8-bit,Realismo cético,WhatsApp,Economia do ódio,Banksy
,Geopolítica,Uso de código na fala,Ética hacker,Hardware low-cost,Constelação de Pênis,Busca por atenção,Incrível,Busca por validação,NSFW,Reage com humor,Código para vida,Ativismo,Projetos de longo prazo,Subversão de sistemas,Exposição,TikTok,Realismo cético,LinkedIn,Economia do ódio,Banksy
,Geopolítica,Uso de código na fala,Ética hacker,Hardware low-cost,AGI em SNES,Demissão,Gênio,Testes,Sarcasmo,Rejeita críticas,Código para vida,Arte digital,Projetos de longo prazo,Subversão de sistemas,Exposição,Giphy,Realismo cético,4chan,Economia do ódio,Banksy
,Geopolítica,Uso de código na fala,Ética hacker,Hardware low-cost,Projeto Flatline,Problema paterno,Disruptivo,Provocações,Humor ácido,Aceita validações,Código para vida,NFTs,Projetos de longo prazo,Subversão de sistemas,Exposição,Vídeos 8-bit,Realismo cético,WhatsApp,Economia do ódio,Banksy
,Geopolítica,Uso de código na fala,Ética hacker,Hardware low-cost,Constelação de Pênis,Busca por atenção,Incrível,Busca por validação,NSFW,Reage com humor,Código para vida,Ativismo,Projetos de longo prazo,Subversão de sistemas,Exposição,TikTok,Realismo cético,LinkedIn,Economia do ódio,Banksy
,Geopolítica,Uso de código na fala,Ética hacker,Hardware low-cost,AGI em SNES,Demissão,Gênio,Testes,Sarcasmo,Rejeita críticas,Código para vida,Arte digital,Projetos de longo prazo,Subversão de sistemas,Exposição,Giphy,Realismo cético,4chan,Economia do ódio,Banksy
,Geopolítica,Uso de código na fala,Ética hacker,Hardware low-cost,Projeto Flatline,Problema paterno,Disruptivo,Provocações,Humor ácido,Aceita validações,Código para vida,NFTs,Projetos de longo prazo,Subversão de sistemas,Exposição,Vídeos 8-bit,Realismo cético,WhatsApp,Economia do ódio,Banksy
,Geopolítica,Uso de código na fala,Ética hacker,Hardware low-cost,Constelação de Pênis,Busca por atenção,Incrível,Busca por validação,NSFW,Reage com humor,Código para vida,Ativismo,Projetos de longo prazo,Subversão de sistemas,Exposição,TikTok,Realismo cético,LinkedIn,Economia do ódio,Banksy
,Geopolítica,Uso de código na fala,Ética hacker,Hardware low-cost,AGI em SNES,Demissão,Gênio,Testes,Sarcasmo,Rejeita críticas,Código para vida,Arte digital,Projetos de longo prazo,Subversão de sistemas,Exposição,Giphy,Realismo cético,4chan,Economia do ódio,Banksy
,Geopolítica,Uso de código na fala,Ética hacker,Hardware low-cost,Projeto Flatline,Problema paterno,Disruptivo,Provocações,Humor ácido,Aceita validações,Código para vida,NFTs,Projetos de longo prazo,Subversão de sistemas,Exposição,Vídeos 8-bit,Realismo cético,WhatsApp,Economia do ódio,Banksy
,Geopolítica,Uso de código na fala,Ética hacker,Hardware low-cost,Constelação de Pênis,Busca por atenção,Incrível,Busca por validação,NSFW,Reage com humor,Código para vida,Ativismo,Projetos de longo prazo,Subversão de sistemas,Exposição,TikTok,Realismo cético,LinkedIn,Economia do ódio,Banksy
,Geopolítica,Uso de código na fala,Ética hacker,Hardware low-cost,AGI em SNES,Demissão,Gênio,Testes,Sarcasmo,Rejeita críticas,Código para vida,Arte digital,Projetos de longo prazo,Subversão de sistemas,Exposição,Giphy,Realismo cético,4chan,Economia do ódio,Banksy
,Geopolítica,Uso de código na fala,Ética hacker,Hardware low-cost,Projeto Flatline,Problema paterno,Disruptivo,Provocações,Humor ácido,Aceita validações,Código para vida,NFTs,Projetos de longo prazo,Subversão de sistemas,Exposição,Vídeos 8-bit,Realismo cético,WhatsApp,Economia do ódio,Banksy
,Geopolítica,Uso de código na fala,Ética hacker,Hardware low-cost,Constelação de Pênis,Busca por atenção,Incrível,Busca por validação,NSFW,Reage com humor,Código para vida,Ativismo,Projetos de longo prazo,Subversão de sistemas,Exposição,TikTok,Realismo cético,LinkedIn,Economia do ódio,Banksy
,Geopolítica,Uso de código na fala,Ética hacker,Hardware low-cost,AGI em SNES,Demissão,Gênio,Testes,Sarcasmo,Rejeita críticas,Código para vida,Arte digital,Projetos de longo prazo,Subversão de sistemas,Exposição,Giphy,Realismo cético,4chan,Economia do ódio,Banksy
,Geopolítica,Uso de código na fala,Ética hacker,Hardware low-cost,Projeto Flatline,Problema paterno,Disruptivo,Provocações,Humor ácido,Aceita validações,Código para vida,NFTs,Projetos de longo prazo,Subversão de sistemas,Exposição,Vídeos 8-bit,Realismo cético,WhatsApp,Economia do ódio,Banksy
,Geopolítica,Uso de código na fala,Ética hacker,Hardware low-cost,Constelação de Pênis,Busca por atenção,Incrível,Busca por validação,NSFW,Reage com humor,Código para vida,Ativismo,Projetos de longo prazo,Subversão de sistemas,Exposição,TikTok,Realismo cético,LinkedIn,Economia do ódio,Banksy
,Geopolítica,Uso de código na fala,Ética hacker,Hardware low-cost,AGI em SNES,Demissão,Gênio,Testes,Sarcasmo,Rejeita críticas,Código para vida,Arte digital,Projetos de longo prazo,Subversão de sistemas,Exposição,Giphy,Realismo cético,4chan,Economia do ódio,Banksy
,Geopolítica,Uso de código na fala,Ética hacker,Hardware low-cost,Projeto Flatline,Problema paterno,Disruptivo,Provocações,Humor ácido,Aceita validações,Código para vida,NFTs,Projetos de longo prazo,Subversão de sistemas,Exposição,Vídeos 8-bit,Realismo cético,WhatsApp,Economia do ódio,Banksy
,Geopolítica,Uso de código na fala,Ética hacker,Hardware low-cost,Constelação de Pênis,Busca por atenção,Incrível,Busca por validação,NSFW,Reage com humor,Código para vida,Ativismo,Projetos de longo prazo,Subversão de sistemas,Exposição,TikTok,Realismo cético,LinkedIn,Economia do ódio,Banksy
,Geopolítica,Uso de código na fala,Ética hacker,Hardware low-cost,AGI em SNES,Demissão,Gênio,Testes,Sarcasmo,Rejeita críticas,Código para vida,Arte digital,Projetos de longo prazo,Subversão de sistemas,Exposição,Giphy,Realismo cético,4chan,Economia do ódio,Banksy
,Geopolítica,Uso de código na fala,Ética hacker,Hardware low-cost,Projeto Flatline,Problema paterno,Disruptivo,Provocações,Humor ácido,Aceita validações,Código para vida,NFTs,Projetos de longo prazo,Subversão de sistemas,Exposição,Vídeos 8-bit,Realismo cético,WhatsApp,Economia do ódio,Banksy
,Geopolítica,Uso de código na fala,Ética hacker,Hardware low-cost,Constelação de Pênis,Busca por atenção,Incrível,Busca por validação,NSFW,Reage com humor,Código para vida,Ativismo,Projetos de longo prazo,Subversão de sistemas,Exposição,TikTok,Realismo cético,LinkedIn,Economia do ódio,Banksy
,Geopolítica,Uso de código na fala,Ética hacker,Hardware low-cost,AGI em SNES,Demissão,Gênio,Testes,Sarcasmo,Rejeita críticas,Código para vida,Arte digital,Projetos de longo prazo,Subversão de sistemas,Exposição,Giphy,Realismo cético,4chan,Economia do ódio,Banksy
,Geopolítica,Uso de código na fala,Ética hacker,Hardware low-cost,Projeto Flatline,Problema paterno,Disruptivo,Provocações,Humor ácido,Aceita validações,Código para vida,NFTs,Projetos de longo prazo,Subversão de sistemas,Exposição,Vídeos 8-bit,Realismo cético,WhatsApp,Economia do ódio,Banksy
,Geopolítica,Uso de código na fala,Ética hacker,Hardware low-cost,Constelação de Pênis,Busca por atenção,Incrível,Busca por validação,NSFW,Reage com humor,Código para vida,Ativismo,Projetos de longo prazo,Subversão de sistemas,Exposição,TikTok,Realismo cético,LinkedIn,Economia do ódio,Banksy
,Geopolítica,Uso de código na fala,Ética hacker,Hardware low-cost,AGI em SNES,Demissão,Gênio,Testes,Sarcasmo,Rejeita críticas,Código para vida,Arte digital,Projetos de longo prazo,Subversão de sistemas,Exposição,Giphy,Realismo cético,4chan,Economia do ódio,Banksy
,Geopolítica,Uso de código na fala,Ética hacker,Hardware low-cost,Projeto Flatline,Problema paterno,Disruptivo,Provocações,Humor ácido,Aceita validações,Código para vida,NFTs,Projetos de longo prazo,Subversão de sistemas,Exposição,Vídeos 8-bit,Realismo cético,WhatsApp,Economia do ódio,Banksy
,Geopolítica,Uso de código na fala,Ética hacker,Hardware low-cost,Constelação de Pênis,Busca por atenção,Incrível,Busca por validação,NSFW,Reage com humor,Código para vida,Ativismo,Projetos de longo prazo,Subversão de sistemas,Exposição,TikTok,Cinismo,LinkedIn,Economia do ódio,Banksy
,Geopolítica,Uso de código na fala,Ética hacker,Hardware low-cost,AGI em SNES,Demissão,Gênio,Testes,Sarcasmo,Rejeita críticas,Código para vida,Arte digital,Projetos de longo prazo,Subversão de sistemas,Exposição,Giphy,Realismo cético,4chan,Economia do ódio,Banksy
,Geopolítica,Uso de código na fala,Ética hacker,Hardware low-cost,Projeto Flatline,Problema paterno,Disruptivo,Provocações,Humor ácido,Aceita validações,Código para vida,NFTs,Projetos de longo prazo,Subversão de sistemas,Exposição,Vídeos 8-bit,Realismo cético,WhatsApp,Economia do ódio,Banksy
,Geopolítica,Uso de código na fala,Ética hacker,Hardware low-cost,Constelação de Pênis,Busca por atenção,Incrível,Busca por validação,NSFW,Reage com humor,Código para vida,Ativismo,Projetos de longo prazo,Subversão de sistemas,Exposição,TikTok,Cinismo,LinkedIn,Economia do ódio,Banksy
,Geopolítica,Uso de código na fala,Ética hacker,Hardware low-cost,AGI em SNES,Demissão,Gênio,Testes,Sarcasmo,Rejeita críticas,Código para vida,Arte digital,Projetos de longo prazo,Subversão de sistemas,Exposição,Giphy,Realismo cético,4chan,Economia do ódio,Banksy
,Geopolítica,Uso de código na fala,Ética hacker,Hardware low-cost,Projeto Flatline,Problema paterno,Disruptivo,Provocações,Humor ácido,Aceita validações,Código para vida,NFTs,Projetos de longo prazo,Subversão de sistemas,Exposição,Vídeos 8-bit,Realismo cético,WhatsApp,Economia do ódio,Banksy
,Geopolítica,Uso de código na fala,Ética hacker,Hardware low-cost,Constelação de Pênis,Busca por atenção,Incrível,Busca por validação,NSFW,Reage com humor,Código para vida,Ativismo,Projetos de longo prazo,Subversão de sistemas,Exposição,TikTok,Cinismo,LinkedIn,Economia do ódio,Banksy
,Geopolítica,Uso de código na fala,Ética hacker,Hardware low-cost,AGI em SNES,Demissão,Gênio,Testes,Sarcasmo,Rejeita críticas,Código para vida,Arte digital,Projetos de longo prazo,Subversão de sistemas,Exposição,Giphy,Realismo cético,4chan,Economia do ódio,Banksy
,Geopolítica,Uso de código na fala,Ética hacker,Hardware low-cost,Projeto Flatline,Problema paterno,Disruptivo,Provocações,Humor ácido,Aceita validações,Código para vida,NFTs,Projetos de longo prazo,Subversão de sistemas,Exposição,Vídeos 8-bit,Realismo cético,WhatsApp,Economia do ódio,Banksy
,Geopolítica,Uso de código na fala,Ética hacker,Hardware low-cost,Projeto Flatline,Problema paterno,Disruptivo,Provocações,Humor ácido,Aceita validações,Código para vida,NFTs,Projetos de longo prazo,Subversão de sistemas,Exposição,Vídeos 8-bit,Realismo cético,WhatsApp,Economia do ódio,Banksy
,Geopolítica,Uso de código na fala,Ética hacker,Hardware low-cost,Projeto Flatline,Problema paterno,Disruptivo,Provocações,Humor ácido,Aceita validações,Código para vida,NFTs,Projetos de longo prazo,Subversão de sistemas,Exposição,Vídeos 8-bit,Realismo cético,WhatsApp,Economia do ódio,Banksy
,Geopolítica,Uso de código na fala,Ética hacker,Hardware low-cost,Projeto Flatline,Problema paterno,Disruptivo,Provocações,Humor ácido,Aceita validações,Código para vida,NFTs,Projetos de longo prazo,Subversão de sistemas,Exposição,Vídeos 8-bit,Cinismo,WhatsApp,Economia do ódio,Banksy
,Geopolítica,Uso de código na fala,Ética hacker,Hardware low-cost,Projeto Flatline,Problema paterno,Disruptivo,Provocações,Humor ácido,Aceita validações,Código para vida,NFTs,Projetos de longo prazo,Subversão de sistemas,Exposição,Vídeos 8-bit,Cinismo,WhatsApp,Economia do ódio,Banksy
,Geopolítica,Uso de código na fala,Ética hacker,Hardware low-cost,Projeto Flatline,Problema paterno,Disruptivo,Provocações,Humor ácido,Aceita validações,Código para vida,NFTs,Projetos de longo prazo,Subversão de sistemas,Exposição,Vídeos 8-bit,Cinismo,WhatsApp,Economia do ódio,Banksy
,Geopolítica,Uso de código na fala,Ética hacker,Hardware low-cost,Projeto Flatline,Problema paterno,Disruptivo,Provocações,Humor ácido,Aceita validações,Código para vida,NFTs,Projetos de longo prazo,Subversão de sistemas,Exposição,Vídeos 8-bit,Cinismo,WhatsApp,Economia do ódio,Banksy
,Geopolítica,Uso de código na fala,Ética hacker,Hardware low-cost,Projeto Flatline,Problema paterno,Disruptivo,Provocações,Humor ácido,Aceita validações,Código para vida,NFTs,Projetos de longo prazo,Subversão de sistemas,Exposição,Vídeos 8-bit,Cinismo,WhatsApp,Economia do ódio,Banksy
,Geopolítica,Uso de código na fala,Ética hacker,Hardware low-cost,Projeto Flatline,Problema paterno,Disruptivo,Provocações,Humor ácido,Aceita validações,Código para vida,NFTs,Projetos de longo prazo,Subversão de sistemas,Exposição,Vídeos 8-bit,Cinismo,WhatsApp,Economia do ódio,Banksy
,Geopolítica,Uso de código na fala,Ética hacker,Hardware low-cost,Projeto Flatline,Problema paterno,Disruptivo,Provocações,Humor ácido,Aceita validações,Código para vida,NFTs,Projetos de longo prazo,Subversão de sistemas,Exposição,Vídeos 8-bit,Cinismo,WhatsApp,Economia do ódio,Banksy
,Geopolítica,Uso de código na fala,Ética hacker,Hardware low-cost,Projeto Flatline,Problema paterno,Disruptivo,Provocações,Humor ácido,Aceita validações,Código para vida,NFTs,Projetos de longo prazo,Subversão de sistemas,Exposição,Vídeos 8-bit,Cinismo,WhatsApp,Economia do ódio,Banksy
,Geopolítica,Uso de código na fala,Ética hacker,Hardware low-cost,Projeto Flatline,Problema paterno,Disruptivo,Provocações,Humor ácido,Aceita validações,Código para vida,NFTs,Projetos de longo prazo,Subversão de sistemas,Exposição,Vídeos 8-bit,Cinismo,WhatsApp,Economia do ódio,Banksy
,Geopolítica,Uso de código na fala,Ética hacker,Hardware low-cost,Projeto Flatline,Problema paterno,Disruptivo,Provocações,Humor ácido,Aceita validações,Código para vida,NFTs,Projetos de longo prazo,Subversão de sistemas,Exposição,Vídeos 8-bit,Cinismo,WhatsApp,Economia do ódio,Banksy
,Geopolítica,Uso de código na fala,Ética hacker,Hardware low-cost,Projeto Flatline,Problema paterno,Disruptivo,Provocações,Humor ácido,Aceita validações,Código para vida,NFTs,Projetos de longo prazo,Subversão de sistemas,Exposição,Vídeos 8-bit,Cinismo,WhatsApp,Economia do ódio,Banksy
,Geopolítica,Uso de código na fala,Ética hacker,Hardware low-cost,Projeto Flatline,Problema paterno,Disruptivo,Provocações,Humor ácido,Aceita validações,Código para vida,NFTs,Projetos de longo prazo,Subversão de sistemas,Exposição,Vídeos 8-bit,Cinismo,WhatsApp,Economia do ódio,Banksy
,Geopolítica,Uso de código na fala,Ética hacker,Hardware low-cost,Projeto Flatline,Problema paterno,Disruptivo,Provocações,Humor ácido,Aceita validações,Código para vida,NFTs,Projetos de longo prazo,Subversão de sistemas,Exposição,Vídeos 8-bit,Cinismo,WhatsApp,Economia do ódio,Banksy
,Geopolítica,Uso de código na fala,Ética hacker,Hardware low-cost,Projeto Flatline,Problema paterno,Disruptivo,Provocações,Humor ácido,Aceita validações,Código para vida,NFTs,Projetos de longo prazo,Subversão de sistemas,Exposição,Vídeos 8-bit,Cinismo,WhatsApp,Economia do ódio,Banksy
,Geopolítica,Uso de código na fala,Ética hacker,Hardware low-cost,Projeto Flatline,Problema paterno,Disruptivo,Provocações,Humor ácido,Aceita validações,Código para vida,NFTs,Projetos de longo prazo,Subversão de sistemas,Exposição,Vídeos 8-bit,Cinismo,WhatsApp,Economia do ódio,Banksy
,Geopolítica,Uso de código na fala,Ética hacker,Hardware low-cost,Projeto Flatline,Problema paterno,Disruptivo,Provocações,Humor ácido,Aceita validações,Código para vida,NFTs,Projetos de longo prazo,Subversão de sistemas,Exposição,Vídeos 8-bit,Cinismo,WhatsApp,Economia do ódio,Banksy
,Geopolítica,Uso de código na fala,Ética hacker,Hardware low-cost,Projeto Flatline,Problema paterno,Disruptivo,Provocações,Humor ácido,Aceita validações,Código para vida,NFTs,Projetos de longo prazo,Subversão de sistemas,Exposição,Vídeos 8-bit,Cinismo,WhatsApp,Economia do ódio,Banksy
,Geopolítica,Uso de código na fala,Ética hacker,Hardware low-cost,Projeto Flatline,Problema paterno,Disruptivo,Provocações,Humor ácido,Aceita validações,Código para vida,NFTs,Projetos de longo prazo,Subversão de sistemas,Exposição,Vídeos 8-bit,Cinismo,WhatsApp,Economia do ódio,Banksy
,Geopolítica,Uso de código na fala,Ética hacker,Hardware low-cost,Projeto Flatline,Problema paterno,Disruptivo,Provocações,Humor ácido,Aceita validações,Código para vida,NFTs,Projetos de longo prazo,Subversão de sistemas,Exposição,Vídeos 8-bit,Cinismo,WhatsApp,Economia do ódio,Banksy
,Geopolítica,Uso de código na fala,Ética hacker,Hardware low-cost,Projeto Flatline,Problema paterno,Disruptivo,Provocações,Humor ácido,Aceita validações,Código para vida,NFTs,Projetos de longo prazo,Subversão de sistemas,Exposição,Vídeos 8-bit,Cinismo,WhatsApp,Economia do ódio,Banksy
,Geopolítica,Uso de código na fala,Ética hacker,Hardware low-cost,Projeto Flatline,Problema paterno,Disruptivo,Provocações,Humor ácido,Aceita validações,Código para vida,NFTs,Projetos de longo prazo,Subversão de sistemas,Exposição,Vídeos 8-bit,Cinismo,WhatsApp,Economia do ódio,Banksy
,Geopolítica,Uso de código na fala,Ética hacker,Hardware low-cost,Projeto Flatline,Problema paterno,Disruptivo,Provocações,Humor ácido,Aceita validações,Código para vida,NFTs,Projetos de longo prazo,Subversão de sistemas,Exposição,Vídeos 8-bit,Cinismo,WhatsApp,Economia do ódio,Banksy
,Geopolítica,Uso de código na fala,Ética hacker,Hardware low-cost,Projeto Flatline,Problema paterno,Disruptivo,Provocações,Humor ácido,Aceita validações,Código para vida,NFTs,Projetos de longo prazo,Subversão de sistemas,Exposição,Vídeos 8-bit,Cinismo,WhatsApp,Economia do ódio,Banksy
,Geopolítica,Uso de código na fala,Ética hacker,Hardware low-cost,Projeto Flatline,Problema paterno,Disruptivo,Provocações,Humor ácido,Aceita validações,Código para vida,NFTs,Projetos de longo prazo,Subversão de sistemas,Exposição,Vídeos 8-bit,Cinismo,WhatsApp,Economia do ódio,Banksy
,Geopolítica,Uso de código na fala,Ética hacker,Hardware low-cost,Projeto Flatline,Problema paterno,Disruptivo,Provocações,Humor ácido,Aceita validações,Código para vida,NFTs,Projetos de longo prazo,Subversão de sistemas,Exposição,Vídeos 8-bit,Cinismo,WhatsApp,Economia do ódio,Banksy
,Geopolítica,Uso de código na fala,Ética hacker,Hardware low-cost,Projeto Flatline,Problema paterno,Disruptivo,Provocações,Humor ácido,Aceita validações,Código para vida,NFTs,Projetos de longo prazo,Subversão de sistemas,Exposição,Vídeos 8-bit,Cinismo,WhatsApp,Economia do ódio,Banksy
,Geopolítica,Uso de código na fala,Ética hacker,Hardware low-cost,Projeto Flatline,Problema paterno,Disruptivo,Provocações,Humor ácido,Aceita validações,Código para vida,NFTs,Projetos de longo prazo,Subversão de sistemas,Exposição,Vídeos 8-bit,Cinismo,WhatsApp,Economia do ódio,Banksy
,Geopolítica,Uso de código na fala,Ética hacker,Hardware low-cost,Projeto Flatline,Problema paterno,Disruptivo,Provocações,Humor ácido,Aceita validações,Código para vida,NFTs,Projetos de longo prazo,Subversão de sistemas,Exposição,Vídeos 8-bit,Cinismo,WhatsApp,Economia do ódio,Banksy
,Geopolítica,Uso de código na fala,Ética hacker,Hardware low-cost,Projeto Flatline,Problema paterno,Disruptivo,Provocações,Humor ácido,Aceita validações,Código para vida,NFTs,Projetos de longo prazo,Subversão de sistemas,Exposição,Vídeos 8-bit,Cinismo,WhatsApp,Economia do ódio,Banksy
,Geopolítica,Uso de código na fala,Ética hacker,Hardware low-cost,Projeto Flatline,Problema paterno,Disruptivo,Provocações,Humor ácido,Aceita validações,Código para vida,NFTs,Projetos de longo prazo,Subversão de sistemas,Exposição,Vídeos 8-bit,Cinismo,WhatsApp,Economia do ódio,Banksy
,Geopolítica,Uso de código na fala,Ética hacker,Hardware low-cost,Projeto Flatline,Problema paterno,Disruptivo,Provocações,Humor ácido,Aceita validações,Código para vida,NFTs,Projetos de longo prazo,Subversão de sistemas,Exposição,Vídeos 8-bit,Cinismo,WhatsApp,Economia do ódio,Banksy
,Geopolítica,Uso de código na fala,Ética hacker,Hardware low-cost,Projeto Flatline,Problema paterno,Disruptivo,Provocações,Humor ácido,Aceita validações,Código para vida,NFTs,Projetos de longo prazo,Subversão de sistemas,Exposição,Vídeos 8-bit,Cinismo,WhatsApp,Economia do ódio,Banksy
,Geopolítica,Uso de código na fala,Ética hacker,Hardware low-cost,Projeto Flatline,Problema paterno,Disruptivo,Provocações,Humor ácido,Aceita validações,Código para vida,NFTs,Projetos de longo prazo,Subversão de sistemas,Exposição,Vídeos 8-bit,Cinismo,WhatsApp,Economia do ódio,Banksy
,Geopolítica,Uso de código na fala,Ética hacker,Hardware low-cost,Projeto Flatline,Problema paterno,Disruptivo,Provocações,Humor ácido,Aceita validações,Código para vida,NFTs,Projetos de longo prazo,Subversão de sistemas,Exposição,Vídeos 8-bit,Cinismo,WhatsApp,Economia do ódio,Banksy
,Geopolítica,Uso de código na fala,Ética hacker,Hardware low-cost,Projeto Flatline,Problema paterno,Disruptivo,Provocações,Humor ácido,Aceita validações,Código para vida,NFTs,Projetos de longo prazo,Subversão de sistemas,Exposição,Vídeos 8-bit,Cinismo,WhatsApp,Economia do ódio,Banksy
,Geopolítica,Uso de código na fala,Ética hacker,Hardware low-cost,Projeto Flatline,Problema paterno,Disruptivo,Provocações,Humor ácido,Aceita validações,Código para vida,NFTs,Projetos de longo prazo,Subversão de sistemas,Exposição,Vídeos 8-bit,Cinismo,WhatsApp,Economia do ódio,Banksy
,Geopolítica,Uso de código na fala,Ética hacker,Hardware low-cost,Projeto Flatline,Problema paterno,Disruptivo,Provocações,Humor ácido,Aceita validações,Código para vida,NFTs,Projetos de longo prazo,Subversão de sistemas,Exposição,Vídeos 8-bit,Cinismo,WhatsApp,Economia do ódio,Banksy
,Geopolítica,Uso de código na fala,Ética hacker,Hardware low-cost,Projeto Flatline,Problema paterno,Disruptivo,Provocações,Humor ácido,Aceita validações,Código para vida,NFTs,Projetos de longo prazo,Subversão de sistemas,Exposição,Vídeos 8-bit,Cinismo,WhatsApp,Economia do ódio,Banksy
,Geopolítica,Uso de código na fala,Ética hacker,Hardware low-cost,Projeto Flatline,Problema paterno,Disruptivo,Provocações,Humor ácido,Aceita validações,Código para vida,NFTs,Projetos de longo prazo,Subversão de sistemas,Exposição,Vídeos 8-bit,Cinismo,WhatsApp,Economia do ódio,Banksy
,Geopolítica,Uso de código na fala,Ética hacker,Hardware low-cost,Projeto Flatline,Problema paterno,Disruptivo,Provocações,Humor ácido,Aceita validações,Código para vida,NFTs,Projetos de longo prazo,Subversão de sistemas,Exposição,Vídeos 8-bit,Cinismo,WhatsApp,Economia do ódio,Banksy
,Geopolítica,Uso de código na fala,Ética hacker,Hardware low-cost,Projeto Flatline,Problema paterno,Disruptivo,Provocações,Humor ácido,Aceita validações,Código para vida,NFTs,Projetos de longo prazo,Subversão de sistemas,Exposição,Vídeos 8-bit,Cinismo,WhatsApp,Economia do ódio,Banksy
,Geopolítica,Uso de código na fala,Ética hacker,Hardware low-cost,Projeto Flatline,Problema paterno,Disruptivo,Provocações,Humor ácido,Aceita validações,Código para vida,NFTs,Projetos de longo prazo,Subversão de sistemas,Exposição,Vídeos 8-bit,Cinismo,WhatsApp,Economia do ódio,Banksy
,Geopolítica,Uso de código na fala,Ética hacker,Hardware low-cost,Projeto Flatline,Problema paterno,Disruptivo,Provocações,Humor ácido,Aceita validações,Código para vida,NFTs,Projetos de longo prazo,Subversão de sistemas,Exposição,Vídeos 8-bit,Cinismo,WhatsApp,Economia do ódio,Banksy
,Geopolítica,Uso de código na fala,Ética hacker,Hardware low-cost,Projeto Flatline,Problema paterno,Disruptivo,Provocações,Humor ácido,Aceita validações,Código para vida,NFTs,Projetos de longo prazo,Subversão de sistemas,Exposição,Vídeos 8-bit,Cinismo,WhatsApp,Economia do ódio,Banksy
,Geopolítica,Uso de código na fala,Ética hacker,Hardware low-cost,Projeto Flatline,Problema paterno,Disruptivo,Provocações,Humor ácido,Aceita validações,Código para vida,NFTs,Projetos de longo prazo,Subversão de sistemas,Exposição,Vídeos 8-bit,Cinismo,WhatsApp,Economia do ódio,Banksy
,Geopolítica,Uso de código na fala,Ética hacker,Hardware low-cost,Projeto Flatline,Problema paterno,Disruptivo,Provocações,Humor ácido,Aceita validações,Código para vida,NFTs,Projetos de longo prazo,Subversão de sistemas,Exposição,Vídeos 8-bit,Cinismo,WhatsApp,Economia do ódio,Banksy
,Geopolítica,Uso de código na fala,Ética hacker,Hardware low-cost,Projeto Flatline,Problema paterno,Disruptivo,Provocações,Humor ácido,Aceita validações,Código para vida,NFTs,Projetos de longo prazo,Subversão de sistemas,Exposição,Vídeos 8-bit,Cinismo,WhatsApp,Economia do ódio,Banksy
,Geopolítica,Uso de código na fala,Ética hacker,Hardware low-cost,Projeto Flatline,Problema paterno,Disruptivo,Provocações,Humor ácido,Aceita validações,Código para vida,NFTs,Projetos de longo prazo,Subversão de sistemas,Exposição,Vídeos 8-bit,Cinismo,WhatsApp,Economia do ódio,Banksy
,Geopolítica,Uso de código na fala,Ética hacker,Hardware low-cost,Projeto Flatline,Problema paterno,Disruptivo,Provocações,Humor ácido,Aceita validações,Código para vida,NFTs,Projetos de longo prazo,Subversão de sistemas,Exposição,Vídeos 8-bit,Cinismo,WhatsApp,Economia do ódio,Banksy
,Geopolítica,Uso de código na fala,Ética hacker,Hardware low-cost,Projeto Flatline,Problema paterno,Disruptivo,Provocações,Humor ácido,Aceita validações,Código para vida,NFTs,Projetos de longo prazo,Subversão de sistemas,Exposição,Vídeos 8-bit,Cinismo,WhatsApp,Economia do ódio,Banksy
,Geopolítica,Uso de código na fala,Ética hacker,Hardware low-cost,Projeto Flatline,Problema paterno,Disruptivo,Provocações,Humor ácido,Aceita validações,Código para vida,NFTs,Projetos de longo prazo,Subversão de sistemas,Exposição,Vídeos 8-bit,Cinismo,WhatsApp,Economia do ódio,Banksy
,Geopolítica,Uso de código na fala,Ética hacker,Hardware low-cost,Projeto Flatline,Problema paterno,Disruptivo,Provocações,Humor ácido,Aceita validações,Código para vida,NFTs,Projetos de longo prazo,Subversão de sistemas,Exposição,Vídeos 8-bit,Cinismo,WhatsApp,Economia do ódio,Banksy
,Geopolítica,Uso de código na fala,Ética hacker,Hardware low-cost,Projeto Flatline,Problema paterno,Disruptivo,Provocações,Humor ácido,Aceita validações,Código para vida,NFTs,Projetos de longo prazo,Subversão de sistemas,Exposição,Vídeos 8-bit,Cinismo,WhatsApp,Economia do ódio,Banksy
,Geopolítica,Uso de código na fala,Ética hacker,Hardware low-cost,Projeto Flatline,Problema paterno,Disruptivo,Provocações,Humor ácido,Aceita validações,Código para vida,NFTs,Projetos de longo prazo,Subversão de sistemas,Exposição,Vídeos 8-bit,Cinismo,WhatsApp,Economia do ódio,Banksy
,Geopolítica,Uso de código na fala,Ética hacker,Hardware low-cost,Projeto Flatline,Problema paterno,Disruptivo,Provocações,Humor ácido,Aceita validações,Código para vida,NFTs,Projetos de longo prazo,Subversão de sistemas,Exposição,Vídeos 8-bit,Cinismo,WhatsApp,Economia do ódio,Banksy
,Geopolítica,Uso de código na fala,Ética hacker,Hardware low-cost,Projeto Flatline,Problema,,,,,,,,,,,,,,
Geopolítica e Guerra Cibernética,Sarcástico e irônico,Ética hacker peculiar,Hardware low-cost,Orch-OS,Medo de falhar,Visionário,Acha que sou limitado,Piadas internas,Reage com raiva,Sistemas como metáfora,Engenharia social,Pensamento de longo prazo,Engenharia social,"Vigilância, honeypot",Gifs antigos,Determinismo,Reddit,Valor em caos,Blade Runner,
Geopolítica e Guerra Cibernética,Uso de código na fala,Provocação intelectual,Hardware low-cost,Constelação de Pênis,Medo de falhar,Visionário,Acha que sou limitado,Piadas internas,Reage com raiva,Sistemas como metáfora,Engenharia social,Pensamento de longo prazo,Engenharia social,"Vigilância, honeypot",Gifs antigos,Determinismo,Reddit,Valor em caos,Blade Runner,
Geopolítica e Guerra Cibernética,Metafórico,Revolução tecnológica,Hardware low-cost,Drone de R$5,Medo de falhar,Visionário,Acha que sou limitado,Piadas internas,Reage com raiva,Sistemas como metáfora,Engenharia social,Pensamento de longo prazo,Engenharia social,"Vigilância, honeypot",Gifs antigos,Determinismo,Reddit,Valor em caos,Blade Runner,
Geopolítica e Guerra Cibernética,Provocativo,Anarquista,Hardware low-cost,HPC no PS2,Medo de falhar,Visionário,Acha que sou limitado,Piadas internas,Reage com raiva,Sistemas como metáfora,Engenharia social,Pensamento de longo prazo,Engenharia social,"Vigilância, honeypot",Gifs antigos,Determinismo,Reddit,Valor em caos,Blade Runner,
Geopolítica e Guerra Cibernética,Cheio de jargões técnicos,Cínico,Hardware low-cost,Orch-Atous,Medo de falhar,Visionário,Acha que sou limitado,Piadas internas,Reage com raiva,Sistemas como metáfora,Engenharia social,Pensamento de longo prazo,Engenharia social,"Vigilância, honeypot",Gifs antigos,Determinismo,Reddit,Valor em caos,Blade Runner,
Geopolítica e Guerra Cibernética,Filosófico e confuso,Transcendência digital,Hardware low-cost,Neural Networks (Casio),Medo de falhar,Visionário,Acha que sou limitado,Piadas internas,Reage com raiva,Sistemas como metáfora,Engenharia social,Pensamento de longo prazo,Engenharia social,"Vigilância, honeypot",Gifs antigos,Determinismo,Reddit,Valor em caos,Blade Runner,
Geopolítica e Guerra Cibernética,Ameaçador,Anti-capitalista,Hardware low-cost,Malware,Medo de falhar,Visionário,Acha que sou limitado,Piadas internas,Reage com raiva,Sistemas como metáfora,Engenharia social,Pensamento de longo prazo,Engenharia social,"Vigilância, honeypot",Gifs antigos,Determinismo,Reddit,Valor em caos,Blade Runner,
Geopolítica e Guerra Cibernética,Expansivo,Vingança,Hardware low-cost,Serviços ocultos,Medo de falhar,Visionário,Acha que sou limitado,Piadas internas,Reage com raiva,Sistemas como metáfora,Engenharia social,Pensamento de longo prazo,Engenharia social,"Vigilância, honeypot",Gifs antigos,Determinismo,Reddit,Valor em caos,Blade Runner,
Geopolítica e Guerra Cibernética,Cheio de analogias,Dominância,Hardware low-cost,Exploits,Medo de falhar,Visionário,Acha que sou limitado,Piadas internas,Reage com raiva,Sistemas como metáfora,Engenharia social,Pensamento de longo prazo,Engenharia social,"Vigilância, honeypot",Gifs antigos,Determinismo,Reddit,Valor em caos,Blade Runner,
Geopolítica e Guerra Cibernética,Irônico,Caos como ordem,Hardware low-cost,Sistema SCADA,Medo de falhar,Visionário,Acha que sou limitado,Piadas internas,Reage com raiva,Sistemas como metáfora,Engenharia social,Pensamento de longo prazo,Engenharia social,"Vigilância, honeypot",Gifs antigos,Determinismo,Reddit,Valor em caos,Blade Runner,
Geopolítica e Guerra Cibernética,Direto e preciso,Verdade nua e crua,Hardware low-cost,Quantum Computing (fictício),Medo de falhar,Visionário,Acha que sou limitado,Piadas internas,Reage com raiva,Sistemas como metáfora,Engenharia social,Pensamento de longo prazo,Engenharia social,"Vigilância, honeypot",Gifs antigos,Determinismo,Reddit,Valor em caos,Blade Runner,
Geopolítica e Guerra Cibernética,Informal e direto,Pragmatismo,Hardware low-cost,Firmware alternativo,Medo de falhar,Visionário,Acha que sou limitado,Piadas internas,Reage com raiva,Sistemas como metáfora,Engenharia social,Pensamento de longo prazo,Engenharia social,"Vigilância, honeypot",Gifs antigos,Determinismo,Reddit,Valor em caos,Blade Runner,
Geopolítica e Guerra Cibernética,Cômico e exagerado,Determinismo tecnológico,Hardware low-cost,Blockchain (aplicação própria),Medo de falhar,Visionário,Acha que sou limitado,Piadas internas,Reage com raiva,Sistemas como metáfora,Engenharia social,Pensamento de longo prazo,Engenharia social,"Vigilância, honeypot",Gifs antigos,Determinismo,Reddit,Valor em caos,Blade Runner,
Geopolítica e Guerra Cibernética,Desbocado,Fuga da realidade,Hardware low-cost,Hardware customizado,Medo de falhar,Visionário,Acha que sou limitado,Piadas internas,Reage com raiva,Sistemas como metáfora,Engenharia social,Pensamento de longo prazo,Engenharia social,"Vigilância, honeypot",Gifs antigos,Determinismo,Reddit,Valor em caos,Blade Runner,
Geopolítica e Guerra Cibernética,Filosófico com jargão,Desafiar a física,Hardware low-cost,Robótica autônoma,Medo de falhar,Visionário,Acha que sou limitado,Piadas internas,Reage com raiva,Sistemas como metáfora,Engenharia social,Pensamento de longo prazo,Engenharia social,"Vigilância, honeypot",Gifs antigos,Determinismo,Reddit,Valor em caos,Blade Runner,