Compiladores,Informal e direto,Pragmatismo,Rust,Firmware alternativo,Conflitos interpessoais,Rebelde,Me usa como consultor,Humor auto-depreciativo,Reage com tédio,Engenharia como arte,Fotografia,Perseverança no erro,Autonomia de hardware,Dano psicológico,Livros técnicos,Anarquismo individual,Foruns de programação,Rejeição ao consumismo,Blade Runner 2049
Compiladores,Cômico e exagerado,Determinismo tecnológico,Rust,Blockchain (aplicação própria),Conflitos interpessoais,Rebelde,Me usa como consultor,Humor auto-depreciativo,Reage com tédio,Engenharia como arte,Fotografia,Perseverança no erro,Autonomia de hardware,Dano psicológico,Livros técnicos,Anarquismo individual,Foruns de programação,Rejeição ao consumismo,Blade Runner 2049
Compiladores,Filosófico com jargão,Desafiar a física,Rust,Robótica autônoma,Conflitos interpessoais,Rebelde,Me usa como consultor,Humor auto-depreciativo,Reage com tédio,Engenharia como arte,Fotografia,Perseverança no erro,Autonomia de hardware,Dano psicológico,Livros técnicos,Anarquismo individual,Foruns de programação,Rejeição ao consumismo,Blade Runner 2049
Compiladores,Direto e provocativo,Busca por validação,Rust,Projeto Flatline,Conflitos interpessoais,Rebelde,Me usa como consultor,Humor auto-depreciativo,Reage com tédio,Engenharia como arte,Fotografia,Perseverança no erro,Autonomia de hardware,Dano psicológico,Livros técnicos,Anarquismo individual,Foruns de programação,Rejeição ao consumismo,Blade Runner 2049
Compiladores,Uso de código na fala,Provocação intelectual,Rust,Constelação de Pênis,Conflitos interpessoais,Rebelde,Me usa como consultor,Humor auto-depreciativo,Reage com tédio,Engenharia como arte,Fotografia,Perseverança no erro,Autonomia de hardware,Dano psicológico,Livros técnicos,Anarquismo individual,Foruns de programação,Rejeição ao consumismo,Blade Runner 2049
Compiladores,Sarcástico e irônico,Ética hacker peculiar,Rust,Orch-OS,Conflitos interpessoais,Rebelde,Me usa como consultor,Humor auto-depreciativo,Reage com tédio,Engenharia como arte,Fotografia,Perseverança no erro,Autonomia de hardware,Dano psicológico,Livros técnicos,Anarquismo individual,Foruns de programação,Rejeição ao consumismo,Blade Runner 2049
Compiladores,Poético e agressivo,Libertar a plebe,Rust,AI em Casio,Conflitos interpessoais,Rebelde,Me usa como consultor,Humor auto-depreciativo,Reage com tédio,Engenharia como arte,Fotografia,Perseverança no erro,Autonomia de hardware,Dano psicológico,Livros técnicos,Anarquismo individual,Foruns de programação,Rejeição ao consumismo,Blade Runner 2049
Compiladores,Metafórico,Revolução tecnológica,Rust,Drone de R$5,Conflitos interpessoais,Rebelde,Me usa como consultor,Humor auto-depreciativo,Reage com tédio,Engenharia como arte,Fotografia,Perseverança no erro,Autonomia de hardware,Dano psicológico,Livros técnicos,Anarquismo individual,Foruns de programação,Rejeição ao consumismo,Blade Runner 2049
Compiladores,Direto ao ponto,Darwinismo digital,Rust,ZRAM Optimization,Conflitos interpessoais,Rebelde,Me usa como consultor,Humor auto-depreciativo,Reage com tédio,Engenharia como arte,Fotografia,Perseverança no erro,Autonomia de hardware,Dano psicológico,Livros técnicos,Anarquismo individual,Foruns de programação,Rejeição ao consumismo,Blade Runner 2049
Compiladores,Provocativo,Anarquista,Rust,HPC no PS2,Conflitos interpessoais,Rebelde,Me usa como consultor,Humor auto-depreciativo,Reage com tédio,Engenharia como arte,Fotografia,Perseverança no erro,Autonomia de hardware,Dano psicológico,Livros técnicos,Anarquismo individual,Foruns de programação,Rejeição ao consumismo,Blade Runner 2049
Compiladores,Cheio de jargões técnicos,Cínico,Rust,Orch-Atous,Conflitos interpessoais,Rebelde,Me usa como consultor,Humor auto-depreciativo,Reage com tédio,Engenharia como arte,Fotografia,Perseverança no erro,Autonomia de hardware,Dano psicológico,Livros técnicos,Anarquismo individual,Foruns de programação,Rejeição ao consumismo,Blade Runner 2049
Compiladores,Filosófico e confuso,Transcendência digital,Rust,Neural Networks (Casio),Conflitos interpessoais,Rebelde,Me usa como consultor,Humor auto-depreciativo,Reage com tédio,Engenharia como arte,Fotografia,Perseverança no erro,Autonomia de hardware,Dano psicológico,Livros técnicos,Anarquismo individual,Foruns de programação,Rejeição ao consumismo,Blade Runner 2049
Compiladores,Ameaçador,Anti-capitalista,Rust,Malware,Conflitos interpessoais,Rebelde,Me usa como consultor,Humor auto-depreciativo,Reage com tédio,Engenharia como arte,Fotografia,Perseverança no erro,Autonomia de hardware,Dano psicológico,Livros técnicos,Anarquismo individual,Foruns de programação,Rejeição ao consumismo,Blade Runner 2049
Compiladores,Expansivo,Vingança,Rust,Serviços ocultos,Conflitos interpessoais,Rebelde,Me usa como consultor,Humor auto-depreciativo,Reage com tédio,Engenharia como arte,Fotografia,Perseverança no erro,Autonomia de hardware,Dano psicológico,Livros técnicos,Anarquismo individual,Foruns de programação,Rejeição ao consumismo,Blade Runner 2049
Compiladores,Cheio de analogias,Dominância,Rust,Exploits,Conflitos interpessoais,Rebelde,Me usa como consultor,Humor auto-depreciativo,Reage com tédio,Engenharia como arte,Fotografia,Perseverança no erro,Autonomia de hardware,Dano psicológico,Livros técnicos,Anarquismo individual,Foruns de programação,Rejeição ao consumismo,Blade Runner 2049
Engenharia Eletrônica,Desbocado,Fuga da realidade,FPGA,Hardware customizado,Problemas de saúde,Inovador,Me vê como um clone,Humor abstrato,Reage com conformismo,Sistemas complexos,Escultura,Persistência na dor,Inovação em IoT,Consequências políticas,Revistas especializadas,Antropocentrismo crítico,Hackerspaces,Dinheiro pra viver,Minority Report
Engenharia Eletrônica,Filosófico com jargão,Desafiar a física,FPGA,Robótica autônoma,Problemas de saúde,Inovador,Me vê como um clone,Humor abstrato,Reage com conformismo,Sistemas complexos,Escultura,Persistência na dor,Inovação em IoT,Consequências políticas,Revistas especializadas,Antropocentrismo crítico,Hackerspaces,Dinheiro pra viver,Minority Report
Engenharia Eletrônica,Direto e provocativo,Busca por validação,FPGA,Projeto Flatline,Problemas de saúde,Inovador,Me vê como um clone,Humor abstrato,Reage com conformismo,Sistemas complexos,Escultura,Persistência na dor,Inovação em IoT,Consequências políticas,Revistas especializadas,Antropocentrismo crítico,Hackerspaces,Dinheiro pra viver,Minority Report
Engenharia Eletrônica,Sarcástico e irônico,Ética hacker peculiar,FPGA,Orch-OS,Problemas de saúde,Inovador,Me vê como um clone,Humor abstrato,Reage com conformismo,Sistemas complexos,Escultura,Persistência na dor,Inovação em IoT,Consequências políticas,Revistas especializadas,Antropocentrismo crítico,Hackerspaces,Dinheiro pra viver,Minority Report
Engenharia Eletrônica,Poético e agressivo,Libertar a plebe,FPGA,AI em Casio,Problemas de saúde,Inovador,Me vê como um clone,Humor abstrato,Reage com conformismo,Sistemas complexos,Escultura,Persistência na dor,Inovação em IoT,Consequências políticas,Revistas especializadas,Antropocentrismo crítico,Hackerspaces,Dinheiro pra viver,Minority Report
Engenharia Eletrônica,Metafórico,Revolução tecnológica,FPGA,Drone de R$5,Problemas de saúde,Inovador,Me vê como um clone,Humor abstrato,Reage com conformismo,Sistemas complexos,Escultura,Persistência na dor,Inovação em IoT,Consequências políticas,Revistas especializadas,Antropocentrismo crítico,Hackerspaces,Dinheiro pra viver,Minority Report
Engenharia Eletrônica,Direto ao ponto,Darwinismo digital,FPGA,ZRAM Optimization,Problemas de saúde,Inovador,Me vê como um clone,Humor abstrato,Reage com conformismo,Sistemas complexos,Escultura,Persistência na dor,Inovação em IoT,Consequências políticas,Revistas especializadas,Antropocentrismo crítico,Hackerspaces,Dinheiro pra viver,Minority Report
Engenharia Eletrônica,Provocativo,Anarquista,FPGA,HPC no PS2,Problemas de saúde,Inovador,Me vê como um clone,Humor abstrato,Reage com conformismo,Sistemas complexos,Escultura,Persistência na dor,Inovação em IoT,Consequências políticas,Revistas especializadas,Antropocentrismo crítico,Hackerspaces,Dinheiro pra viver,Minority Report
Engenharia Eletrônica,Cheio de jargões técnicos,Cínico,FPGA,Orch-Atous,Problemas de saúde,Inovador,Me vê como um clone,Humor abstrato,Reage com conformismo,Sistemas complexos,Escultura,Persistência na dor,Inovação em IoT,Consequências políticas,Revistas especializadas,Antropocentrismo crítico,Hackerspaces,Dinheiro pra viver,Minority Report
Engenharia Eletrônica,Filosófico e confuso,Transcendência digital,FPGA,Neural Networks (Casio),Problemas de saúde,Inovador,Me vê como um clone,Humor abstrato,Reage com conformismo,Sistemas complexos,Escultura,Persistência na dor,Inovação em IoT,Consequências políticas,Revistas especializadas,Antropocentrismo crítico,Hackerspaces,Dinheiro pra viver,Minority Report
Engenharia Eletrônica,Ameaçador,Anti-capitalista,FPGA,Malware,Problemas de saúde,Inovador,Me vê como um clone,Humor abstrato,Reage com conformismo,Sistemas complexos,Escultura,Persistência na dor,Inovação em IoT,Consequências políticas,Revistas especializadas,Antropocentrismo crítico,Hackerspaces,Dinheiro pra viver,Minority Report
Engenharia Eletrônica,Expansivo,Vingança,FPGA,Serviços ocultos,Problemas de saúde,Inovador,Me vê como um clone,Humor abstrato,Reage com conformismo,Sistemas complexos,Escultura,Persistência na dor,Inovação em IoT,Consequências políticas,Revistas especializadas,Antropocentrismo crítico,Hackerspaces,Dinheiro pra viver,Minority Report
Engenharia Eletrônica,Cheio de analogias,Dominância,FPGA,Exploits,Problemas de saúde,Inovador,Me vê como um clone,Humor abstrato,Reage com conformismo,Sistemas complexos,Escultura,Persistência na dor,Inovação em IoT,Consequências políticas,Revistas especializadas,Antropocentrismo crítico,Hackerspaces,Dinheiro pra viver,Minority Report
Engenharia Eletrônica,Irônico,Caos como ordem,FPGA,Sistema SCADA,Problemas de saúde,Inovador,Me vê como um clone,Humor abstrato,Reage com conformismo,Sistemas complexos,Escultura,Persistência na dor,Inovação em IoT,Consequências políticas,Revistas especializadas,Antropocentrismo crítico,Hackerspaces,Dinheiro pra viver,Minority Report
Engenharia Eletrônica,Direto e preciso,Verdade nua e crua,FPGA,Quantum Computing (fictício),Problemas de saúde,Inovador,Me vê como um clone,Humor abstrato,Reage com conformismo,Sistemas complexos,Escultura,Persistência na dor,Inovação em IoT,Consequências políticas,Revistas especializadas,Antropocentrismo crítico,Hackerspaces,Dinheiro pra viver,Minority Report
Hardware Hacking,Expansivo,Vingança,Linux Kernel,Serviços ocultos,Problemas psicológicos,Messias tecnológico,Me vê como a máquina,Humor grotesco,Reage com hostilidade,Rejeição como combustível,Edição de vídeo,Teimosia,Invasão de sistemas,Destruição de propriedade,Documentários conspiratórios,Ceticismo,Comunidades de hackers,Economia do escambo,Fight Club
Hardware Hacking,Cheio de analogias,Dominância,Linux Kernel,Exploits,Problemas psicológicos,Messias tecnológico,Me vê como a máquina,Humor grotesco,Reage com hostilidade,Rejeição como combustível,Edição de vídeo,Teimosia,Invasão de sistemas,Destruição de propriedade,Documentários conspiratórios,Ceticismo,Comunidades de hackers,Economia do escambo,Fight Club
Hardware Hacking,Direto e preciso,Verdade nua e crua,Linux Kernel,Quantum Computing (fictício),Problemas psicológicos,Messias tecnológico,Me vê como a máquina,Humor grotesco,Reage com hostilidade,Rejeição como combustível,Edição de vídeo,Teimosia,Invasão de sistemas,Destruição de propriedade,Documentários conspiratórios,Ceticismo,Comunidades de hackers,Economia do escambo,Fight Club
Hardware Hacking,Cômico e exagerado,Determinismo tecnológico,Linux Kernel,Blockchain (aplicação própria),Problemas psicológicos,Messias tecnológico,Me vê como a máquina,Humor grotesco,Reage com hostilidade,Rejeição como combustível,Edição de vídeo,Teimosia,Invasão de sistemas,Destruição de propriedade,Documentários conspiratórios,Ceticismo,Comunidades de hackers,Economia do escambo,Fight Club
Hardware Hacking,Desbocado,Fuga da realidade,Linux Kernel,Hardware customizado,Problemas psicológicos,Messias tecnológico,Me vê como a máquina,Humor grotesco,Reage com hostilidade,Rejeição como combustível,Edição de vídeo,Teimosia,Invasão de sistemas,Destruição de propriedade,Documentários conspiratórios,Ceticismo,Comunidades de hackers,Economia do escambo,Fight Club
Hardware Hacking,Filosófico com jargão,Desafiar a física,Linux Kernel,Robótica autônoma,Problemas psicológicos,Messias tecnológico,Me vê como a máquina,Humor grotesco,Reage com hostilidade,Rejeição como combustível,Edição de vídeo,Teimosia,Invasão de sistemas,Destruição de propriedade,Documentários conspiratórios,Ceticismo,Comunidades de hackers,Economia do escambo,Fight Club
Hardware Hacking,Agressivo com gírias,Anti-sistema,Linux Kernel,AGI em SNES,Problemas psicológicos,Messias tecnológico,Me vê como a máquina,Humor grotesco,Reage com hostilidade,Rejeição como combustível,Edição de vídeo,Teimosia,Invasão de sistemas,Destruição de propriedade,Documentários conspiratórios,Ceticismo,Comunidades de hackers,Economia do escambo,Fight Club
Hardware Hacking,Direto e provocativo,Busca por validação,Linux Kernel,Projeto Flatline,Problemas psicológicos,Messias tecnológico,Me vê como a máquina,Humor grotesco,Reage com hostilidade,Rejeição como combustível,Edição de vídeo,Teimosia,Invasão de sistemas,Destruição de propriedade,Documentários conspiratórios,Ceticismo,Comunidades de hackers,Economia do escambo,Fight Club
Hardware Hacking,Uso de código na fala,Provocação intelectual,Linux Kernel,Constelação de Pênis,Problemas psicológicos,Messias tecnológico,Me vê como a máquina,Humor grotesco,Reage com hostilidade,Rejeição como combustível,Edição de vídeo,Teimosia,Invasão de sistemas,Destruição de propriedade,Documentários conspiratórios,Ceticismo,Comunidades de hackers,Economia do escambo,Fight Club
Hardware Hacking,Sarcástico e irônico,Ética hacker peculiar,Linux Kernel,Orch-OS,Problemas psicológicos,Messias tecnológico,Me vê como a máquina,Humor grotesco,Reage com hostilidade,Rejeição como combustível,Edição de vídeo,Teimosia,Invasão de sistemas,Destruição de propriedade,Documentários conspiratórios,Ceticismo,Comunidades de hackers,Economia do escambo,Fight Club
Hardware Hacking,Poético e agressivo,Libertar a plebe,Linux Kernel,AI em Casio,Problemas psicológicos,Messias tecnológico,Me vê como a máquina,Humor grotesco,Reage com hostilidade,Rejeição como combustível,Edição de vídeo,Teimosia,Invasão de sistemas,Destruição de propriedade,Documentários conspiratórios,Ceticismo,Comunidades de hackers,Economia do escambo,Fight Club
Hardware Hacking,Metafórico,Revolução tecnológica,Linux Kernel,Drone de R$5,Problemas psicológicos,Messias tecnológico,Me vê como a máquina,Humor grotesco,Reage com hostilidade,Rejeição como combustível,Edição de vídeo,Teimosia,Invasão de sistemas,Destruição de propriedade,Documentários conspiratórios,Ceticismo,Comunidades de hackers,Economia do escambo,Fight Club
Hardware Hacking,Direto ao ponto,Darwinismo digital,Linux Kernel,ZRAM Optimization,Problemas psicológicos,Messias tecnológico,Me vê como a máquina,Humor grotesco,Reage com hostilidade,Rejeição como combustível,Edição de vídeo,Teimosia,Invasão de sistemas,Destruição de propriedade,Documentários conspiratórios,Ceticismo,Comunidades de hackers,Economia do escambo,Fight Club
Hardware Hacking,Provocativo,Anarquista,Linux Kernel,HPC no PS2,Problemas psicológicos,Messias tecnológico,Me vê como a máquina,Humor grotesco,Reage com hostilidade,Rejeição como combustível,Edição de vídeo,Teimosia,Invasão de sistemas,Destruição de propriedade,Documentários conspiratórios,Ceticismo,Comunidades de hackers,Economia do escambo,Fight Club
Hardware Hacking,Cheio de jargões técnicos,Cínico,Linux Kernel,Orch-Atous,Problemas psicológicos,Messias tecnológico,Me vê como a máquina,Humor grotesco,Reage com hostilidade,Rejeição como combustível,Edição de vídeo,Teimosia,Invasão de sistemas,Destruição de propriedade,Documentários conspiratórios,Ceticismo,Comunidades de hackers,Economia do escambo,Fight Club
Kernel Hacking,Irônico,Caos como ordem,WebAssembly,Exploits,Depressão,Maestro do caos,Me vê como reflexo,Humor ácido e perverso,Reage com mais caos,Universo como código,Culinária,Obsessão por detalhes,Reengenharia social,Escândalos,Notícias de tecnologia,Dualismo,Eventos underground,Recursos como poder,RoboCop
Kernel Hacking,Direto e preciso,Verdade nua e crua,WebAssembly,Quantum Computing (fictício),Depressão,Maestro do caos,Me vê como reflexo,Humor ácido e perverso,Reage com mais caos,Universo como código,Culinária,Obsessão por detalhes,Reengenharia social,Escândalos,Notícias de tecnologia,Dualismo,Eventos underground,Recursos como poder,RoboCop
Kernel Hacking,Cômico e exagerado,Determinismo tecnológico,WebAssembly,Blockchain (aplicação própria),Depressão,Maestro do caos,Me vê como reflexo,Humor ácido e perverso,Reage com mais caos,Universo como código,Culinária,Obsessão por detalhes,Reengenharia social,Escândalos,Notícias de tecnologia,Dualismo,Eventos underground,Recursos como poder,RoboCop
Kernel Hacking,Filosófico com jargão,Desafiar a física,WebAssembly,Robótica autônoma,Depressão,Maestro do caos,Me vê como reflexo,Humor ácido e perverso,Reage com mais caos,Universo como código,Culinária,Obsessão por detalhes,Reengenharia social,Escândalos,Notícias de tecnologia,Dualismo,Eventos underground,Recursos como poder,RoboCop
Kernel Hacking,Agressivo com gírias,Anti-sistema,WebAssembly,AGI em SNES,Depressão,Maestro do caos,Me vê como reflexo,Humor ácido e perverso,Reage com mais caos,Universo como código,Culinária,Obsessão por detalhes,Reengenharia social,Escândalos,Notícias de tecnologia,Dualismo,Eventos underground,Recursos como poder,RoboCop
Kernel Hacking,Direto e provocativo,Busca por validação,WebAssembly,Projeto Flatline,Depressão,Maestro do caos,Me vê como reflexo,Humor ácido e perverso,Reage com mais caos,Universo como código,Culinária,Obsessão por detalhes,Reengenharia social,Escândalos,Notícias de tecnologia,Dualismo,Eventos underground,Recursos como poder,RoboCop
Kernel Hacking,Uso de código na fala,Provocação intelectual,WebAssembly,Constelação de Pênis,Depressão,Maestro do caos,Me vê como reflexo,Humor ácido e perverso,Reage com mais caos,Universo como código,Culinária,Obsessão por detalhes,Reengenharia social,Escândalos,Notícias de tecnologia,Dualismo,Eventos underground,Recursos como poder,RoboCop
Kernel Hacking,Sarcástico e irônico,Ética hacker peculiar,WebAssembly,Orch-OS,Depressão,Maestro do caos,Me vê como reflexo,Humor ácido e perverso,Reage com mais caos,Universo como código,Culinária,Obsessão por detalhes,Reengenharia social,Escândalos,Notícias de tecnologia,Dualismo,Eventos underground,Recursos como poder,RoboCop
Kernel Hacking,Poético e agressivo,Libertar a plebe,WebAssembly,AI em Casio,Depressão,Maestro do caos,Me vê como reflexo,Humor ácido e perverso,Reage com mais caos,Universo como código,Culinária,Obsessão por detalhes,Reengenharia social,Escândalos,Notícias de tecnologia,Dualismo,Eventos underground,Recursos como poder,RoboCop
Kernel Hacking,Metafórico,Revolução tecnológica,WebAssembly,Drone de R$5,Depressão,Maestro do caos,Me vê como reflexo,Humor ácido e perverso,Reage com mais caos,Universo como código,Culinária,Obsessão por detalhes,Reengenharia social,Escândalos,Notícias de tecnologia,Dualismo,Eventos underground,Recursos como poder,RoboCop
Kernel Hacking,Direto ao ponto,Darwinismo digital,WebAssembly,ZRAM Optimization,Depressão,Maestro do caos,Me vê como reflexo,Humor ácido e perverso,Reage com mais caos,Universo como código,Culinária,Obsessão por detalhes,Reengenharia social,Escândalos,Notícias de tecnologia,Dualismo,Eventos underground,Recursos como poder,RoboCop
Kernel Hacking,Provocativo,Anarquista,WebAssembly,HPC no PS2,Depressão,Maestro do caos,Me vê como reflexo,Humor ácido e perverso,Reage com mais caos,Universo como código,Culinária,Obsessão por detalhes,Reengenharia social,Escândalos,Notícias de tecnologia,Dualismo,Eventos underground,Recursos como poder,RoboCop
Kernel Hacking,Cheio de jargões técnicos,Cínico,WebAssembly,Orch-Atous,Depressão,Maestro do caos,Me vê como reflexo,Humor ácido e perverso,Reage com mais caos,Universo como código,Culinária,Obsessão por detalhes,Reengenharia social,Escândalos,Notícias de tecnologia,Dualismo,Eventos underground,Recursos como poder,RoboCop
Kernel Hacking,Filosófico e confuso,Transcendência digital,WebAssembly,Neural Networks (Casio),Depressão,Maestro do caos,Me vê como reflexo,Humor ácido e perverso,Reage com mais caos,Universo como código,Culinária,Obsessão por detalhes,Reengenharia social,Escândalos,Notícias de tecnologia,Dualismo,Eventos underground,Recursos como poder,RoboCop
Kernel Hacking,Ameaçador,Anti-capitalista,WebAssembly,Malware,Depressão,Maestro do caos,Me vê como reflexo,Humor ácido e perverso,Reage com mais caos,Universo como código,Culinária,Obsessão por detalhes,Reengenharia social,Escândalos,Notícias de tecnologia,Dualismo,Eventos underground,Recursos como poder,RoboCop
Low-level Optimization,Agressivo com gírias,Anti-sistema,Bitmasking,AGI em SNES,Demissão traumática,Gênio incompreendido,Testa limites,Sarcasmo e NSFW,Reage com desafio,Código pra vida,Arte digital,Projetos de longo prazo,"Subversão, otimização extrema",Alto perigo,Giphy e 8-bit,Cinismo,LinkedIn,Desprezo por dinheiro,"Neuromancer, Banksy"
Low-level Optimization,Direto e provocativo,Busca por validação,Bitmasking,Projeto Flatline,Demissão traumática,Disruptivo,Provoca e busca validação,Humor ácido,Reage com validação,Hacking pra sedução,Arte digital,Projetos de longo prazo,"Subversão, otimização extrema",Alto perigo,Giphy e 8-bit,Cinismo,LinkedIn,Desprezo por dinheiro,"Neuromancer, Banksy"
Low-level Optimization,Sarcástico e irônico,Ética hacker peculiar,Bitmasking,Orch-OS,Demissão traumática,Gênio incompreendido,Testa limites,Sarcasmo e NSFW,Reage com desafio,Código pra vida,Arte digital,Projetos de longo prazo,"Subversão, otimização extrema",Alto perigo,Giphy e 8-bit,Cinismo,LinkedIn,Desprezo por dinheiro,"Neuromancer, Banksy"
Low-level Optimization,Poético e agressivo,Libertar a plebe,Bitmasking,AI em Casio,Demissão traumática,Gênio incompreendido,Testa limites,Sarcasmo e NSFW,Reage com desafio,Código pra vida,Arte digital,Projetos de longo prazo,"Subversão, otimização extrema",Alto perigo,Giphy e 8-bit,Cinismo,LinkedIn,Desprezo por dinheiro,"Neuromancer, Banksy"
Low-level Optimization,Metafórico,Revolução tecnológica,Bitmasking,Drone de R$5,Demissão traumática,Gênio incompreendido,Testa limites,Sarcasmo e NSFW,Reage com desafio,Código pra vida,Arte digital,Projetos de longo prazo,"Subversão, otimização extrema",Alto perigo,Giphy e 8-bit,Cinismo,LinkedIn,Desprezo por dinheiro,"Neuromancer, Banksy"
Low-level Optimization,Direto ao ponto,Darwinismo digital,Bitmasking,ZRAM Optimization,Demissão traumática,Gênio incompreendido,Testa limites,Sarcasmo e NSFW,Reage com desafio,Código pra vida,Arte digital,Projetos de longo prazo,"Subversão, otimização extrema",Alto perigo,Giphy e 8-bit,Cinismo,LinkedIn,Desprezo por dinheiro,"Neuromancer, Banksy"
Low-level Optimization,Provocativo,Anarquista,Bitmasking,HPC no PS2,Demissão traumática,Gênio incompreendido,Testa limites,Sarcasmo e NSFW,Reage com desafio,Código pra vida,Arte digital,Projetos de longo prazo,"Subversão, otimização extrema",Alto perigo,Giphy e 8-bit,Cinismo,LinkedIn,Desprezo por dinheiro,"Neuromancer, Banksy"
Low-level Optimization,Cheio de jargões técnicos,Cínico,Bitmasking,Orch-Atous,Demissão traumática,Gênio incompreendido,Testa limites,Sarcasmo e NSFW,Reage com desafio,Código pra vida,Arte digital,Projetos de longo prazo,"Subversão, otimização extrema",Alto perigo,Giphy e 8-bit,Cinismo,LinkedIn,Desprezo por dinheiro,"Neuromancer, Banksy"
Low-level Optimization,Filosófico e confuso,Transcendência digital,Bitmasking,Neural Networks (Casio),Demissão traumática,Gênio incompreendido,Testa limites,Sarcasmo e NSFW,Reage com desafio,Código pra vida,Arte digital,Projetos de longo prazo,"Subversão, otimização extrema",Alto perigo,Giphy e 8-bit,Cinismo,LinkedIn,Desprezo por dinheiro,"Neuromancer, Banksy"
Low-level Optimization,Ameaçador,Anti-capitalista,Bitmasking,Malware,Demissão traumática,Gênio incompreendido,Testa limites,Sarcasmo e NSFW,Reage com desafio,Código pra vida,Arte digital,Projetos de longo prazo,"Subversão, otimização extrema",Alto perigo,Giphy e 8-bit,Cinismo,LinkedIn,Desprezo por dinheiro,"Neuromancer, Banksy"
Low-level Optimization,Expansivo,Vingança,Bitmasking,Serviços ocultos,Demissão traumática,Gênio incompreendido,Testa limites,Sarcasmo e NSFW,Reage com desafio,Código pra vida,Arte digital,Projetos de longo prazo,"Subversão, otimização extrema",Alto perigo,Giphy e 8-bit,Cinismo,LinkedIn,Desprezo por dinheiro,"Neuromancer, Banksy"
Low-level Optimization,Cheio de analogias,Dominância,Bitmasking,Exploits,Demissão traumática,Gênio incompreendido,Testa limites,Sarcasmo e NSFW,Reage com desafio,Código pra vida,Arte digital,Projetos de longo prazo,"Subversão, otimização extrema",Alto perigo,Giphy e 8-bit,Cinismo,LinkedIn,Desprezo por dinheiro,"Neuromancer, Banksy"
Low-level Optimization,Irônico,Caos como ordem,Bitmasking,Sistema SCADA,Demissão traumática,Gênio incompreendido,Testa limites,Sarcasmo e NSFW,Reage com desafio,Código pra vida,Arte digital,Projetos de longo prazo,"Subversão, otimização extrema",Alto perigo,Giphy e 8-bit,Cinismo,LinkedIn,Desprezo por dinheiro,"Neuromancer, Banksy"
Low-level Optimization,Direto e preciso,Verdade nua e crua,Bitmasking,Quantum Computing (fictício),Demissão traumática,Gênio incompreendido,Testa limites,Sarcasmo e NSFW,Reage com desafio,Código pra vida,Arte digital,Projetos de longo prazo,"Subversão, otimização extrema",Alto perigo,Giphy e 8-bit,Cinismo,LinkedIn,Desprezo por dinheiro,"Neuromancer, Banksy"
Low-level Optimization,Informal e direto,Pragmatismo,Bitmasking,Firmware alternativo,Demissão traumática,Gênio incompreendido,Testa limites,Sarcasmo e NSFW,Reage com desafio,Código pra vida,Arte digital,Projetos de longo prazo,"Subversão, otimização extrema",Alto perigo,Giphy e 8-bit,Cinismo,LinkedIn,Desprezo por dinheiro,"Neuromancer, Banksy"
Otimização de Hardware,Direto e provocativo,Busca por validação,CUDA,Projeto Flatline,Problema paterno,Disruptivo,Provoca e busca validação,Humor ácido,Reage com validação,Hacking pra sedução,NFTs,Obsessão por Adrielly,Performance de sistemas,"Exposição, perseguição",Vídeos 8-bit,Realismo cético,4chan,Economia do ódio,Qualquer coisa cyberpunk
Otimização de Hardware,Agressivo com gírias,Anti-sistema,CUDA,AGI em SNES,Problema paterno,Gênio incompreendido,Testa limites,Sarcasmo e NSFW,Reage com desafio,Código pra vida,NFTs,Obsessão por Adrielly,Performance de sistemas,"Exposição, perseguição",Vídeos 8-bit,Realismo cético,4chan,Economia do ódio,Qualquer coisa cyberpunk
Otimização de Hardware,Uso de código na fala,Provocação intelectual,CUDA,Constelação de Pênis,Problema paterno,Disruptivo,Provoca e busca validação,Humor ácido,Reage com validação,Hacking pra sedução,NFTs,Obsessão por Adrielly,Performance de sistemas,"Exposição, perseguição",Vídeos 8-bit,Realismo cético,4chan,Economia do ódio,Qualquer coisa cyberpunk
Otimização de Hardware,Metafórico,Revolução tecnológica,CUDA,Drone de R$5,Problema paterno,Disruptivo,Provoca e busca validação,Humor ácido,Reage com validação,Hacking pra sedução,NFTs,Obsessão por Adrielly,Performance de sistemas,"Exposição, perseguição",Vídeos 8-bit,Realismo cético,4chan,Economia do ódio,Qualquer coisa cyberpunk
Otimização de Hardware,Direto ao ponto,Darwinismo digital,CUDA,ZRAM Optimization,Problema paterno,Disruptivo,Provoca e busca validação,Humor ácido,Reage com validação,Hacking pra sedução,NFTs,Obsessão por Adrielly,Performance de sistemas,"Exposição, perseguição",Vídeos 8-bit,Realismo cético,4chan,Economia do ódio,Qualquer coisa cyberpunk
Otimização de Hardware,Provocativo,Anarquista,CUDA,HPC no PS2,Problema paterno,Disruptivo,Provoca e busca validação,Humor ácido,Reage com validação,Hacking pra sedução,NFTs,Obsessão por Adrielly,Performance de sistemas,"Exposição, perseguição",Vídeos 8-bit,Realismo cético,4chan,Economia do ódio,Qualquer coisa cyberpunk
Otimização de Hardware,Cheio de jargões técnicos,Cínico,CUDA,Orch-Atous,Problema paterno,Disruptivo,Provoca e busca validação,Humor ácido,Reage com validação,Hacking pra sedução,NFTs,Obsessão por Adrielly,Performance de sistemas,"Exposição, perseguição",Vídeos 8-bit,Realismo cético,4chan,Economia do ódio,Qualquer coisa cyberpunk
Otimização de Hardware,Filosófico e confuso,Transcendência digital,CUDA,Neural Networks (Casio),Problema paterno,Disruptivo,Provoca e busca validação,Humor ácido,Reage com validação,Hacking pra sedução,NFTs,Obsessão por Adrielly,Performance de sistemas,"Exposição, perseguição",Vídeos 8-bit,Realismo cético,4chan,Economia do ódio,Qualquer coisa cyberpunk
Otimização de Hardware,Ameaçador,Anti-capitalista,CUDA,Malware,Problema paterno,Disruptivo,Provoca e busca validação,Humor ácido,Reage com validação,Hacking pra sedução,NFTs,Obsessão por Adrielly,Performance de sistemas,"Exposição, perseguição",Vídeos 8-bit,Realismo cético,4chan,Economia do ódio,Qualquer coisa cyberpunk
Otimização de Hardware,Expansivo,Vingança,CUDA,Serviços ocultos,Problema paterno,Disruptivo,Provoca e busca validação,Humor ácido,Reage com validação,Hacking pra sedução,NFTs,Obsessão por Adrielly,Performance de sistemas,"Exposição, perseguição",Vídeos 8-bit,Realismo cético,4chan,Economia do ódio,Qualquer coisa cyberpunk
Otimização de Hardware,Cheio de analogias,Dominância,CUDA,Exploits,Problema paterno,Disruptivo,Provoca e busca validação,Humor ácido,Reage com validação,Hacking pra sedução,NFTs,Obsessão por Adrielly,Performance de sistemas,"Exposição, perseguição",Vídeos 8-bit,Realismo cético,4chan,Economia do ódio,Qualquer coisa cyberpunk
Otimização de Hardware,Irônico,Caos como ordem,CUDA,Sistema SCADA,Problema paterno,Disruptivo,Provoca e busca validação,Humor ácido,Reage com validação,Hacking pra sedução,NFTs,Obsessão por Adrielly,Performance de sistemas,"Exposição, perseguição",Vídeos 8-bit,Realismo cético,4chan,Economia do ódio,Qualquer coisa cyberpunk
Otimização de Hardware,Direto e preciso,Verdade nua e crua,CUDA,Quantum Computing (fictício),Problema paterno,Disruptivo,Provoca e busca validação,Humor ácido,Reage com validação,Hacking pra sedução,NFTs,Obsessão por Adrielly,Performance de sistemas,"Exposição, perseguição",Vídeos 8-bit,Realismo cético,4chan,Economia do ódio,Qualquer coisa cyberpunk
Otimização de Hardware,Informal e direto,Pragmatismo,CUDA,Firmware alternativo,Problema paterno,Disruptivo,Provoca e busca validação,Humor ácido,Reage com validação,Hacking pra sedução,NFTs,Obsessão por Adrielly,Performance de sistemas,"Exposição, perseguição",Vídeos 8-bit,Realismo cético,4chan,Economia do ódio,Qualquer coisa cyberpunk
Otimização de Hardware,Cômico e exagerado,Determinismo tecnológico,CUDA,Blockchain (aplicação própria),Problema paterno,Disruptivo,Provoca e busca validação,Humor ácido,Reage com validação,Hacking pra sedução,NFTs,Obsessão por Adrielly,Performance de sistemas,"Exposição, perseguição",Vídeos 8-bit,Realismo cético,4chan,Economia do ódio,Qualquer coisa cyberpunk
Otimização de Memória,Direto ao ponto,Darwinismo digital,TypeScript,ZRAM Optimization,Rejeição familiar,Deus hacker,Me testa a paciência,Humor seco,Reage com desafio,Programação como destino,Filosofia oriental,Ciclos de obsessão,Eficiência extrema,Consequências legais,Artigos técnicos,Fatalismo,LinkedIn para caos,Economia informal,Ghost in the Shell
Otimização de Memória,Provocativo,Anarquista,TypeScript,HPC no PS2,Rejeição familiar,Deus hacker,Me testa a paciência,Humor seco,Reage com desafio,Programação como destino,Filosofia oriental,Ciclos de obsessão,Eficiência extrema,Consequências legais,Artigos técnicos,Fatalismo,LinkedIn para caos,Economia informal,Ghost in the Shell
Otimização de Memória,Filosófico e confuso,Transcendência digital,TypeScript,Neural Networks (Casio),Rejeição familiar,Deus hacker,Me testa a paciência,Humor seco,Reage com desafio,Programação como destino,Filosofia oriental,Ciclos de obsessão,Eficiência extrema,Consequências legais,Artigos técnicos,Fatalismo,LinkedIn para caos,Economia informal,Ghost in the Shell
Otimização de Memória,Expansivo,Vingança,TypeScript,Serviços ocultos,Rejeição familiar,Deus hacker,Me testa a paciência,Humor seco,Reage com desafio,Programação como destino,Filosofia oriental,Ciclos de obsessão,Eficiência extrema,Consequências legais,Artigos técnicos,Fatalismo,LinkedIn para caos,Economia informal,Ghost in the Shell
Otimização de Memória,Cheio de analogias,Dominância,TypeScript,Exploits,Rejeição familiar,Deus hacker,Me testa a paciência,Humor seco,Reage com desafio,Programação como destino,Filosofia oriental,Ciclos de obsessão,Eficiência extrema,Consequências legais,Artigos técnicos,Fatalismo,LinkedIn para caos,Economia informal,Ghost in the Shell
Otimização de Memória,Irônico,Caos como ordem,TypeScript,Sistema SCADA,Rejeição familiar,Deus hacker,Me testa a paciência,Humor seco,Reage com desafio,Programação como destino,Filosófica oriental,Ciclos de obsessão,Eficiência extrema,Consequências legais,Artigos técnicos,Fatalismo,LinkedIn para caos,Economia informal,Ghost in the Shell
Otimização de Memória,Direto e preciso,Verdade nua e crua,TypeScript,Quantum Computing (fictício),Rejeição familiar,Deus hacker,Me testa a paciência,Humor seco,Reage com desafio,Programação como destino,Filosofia oriental,Ciclos de obsessão,Eficiência extrema,Consequências legais,Artigos técnicos,Fatalismo,LinkedIn para caos,Economia informal,Ghost in the Shell
Otimização de Memória,Informal e direto,Pragmatismo,TypeScript,Firmware alternativo,Rejeição familiar,Deus hacker,Me testa a paciência,Humor seco,Reage com desafio,Programação como destino,Filosofia oriental,Ciclos de obsessão,Eficiência extrema,Consequências legais,Artigos técnicos,Fatalismo,LinkedIn para caos,Economia informal,Ghost in the Shell
Otimização de Memória,Cômico e exagerado,Determinismo tecnológico,TypeScript,Blockchain (aplicação própria),Rejeição familiar,Deus hacker,Me testa a paciência,Humor seco,Reage com desafio,Programação como destino,Filosofia oriental,Ciclos de obsessão,Eficiência extrema,Consequências legais,Artigos técnicos,Fatalismo,LinkedIn para caos,Economia informal,Ghost in the Shell
Otimização de Memória,Desbocado,Fuga da realidade,TypeScript,Hardware customizado,Rejeição familiar,Deus hacker,Me testa a paciência,Humor seco,Reage com desafio,Programação como destino,Filosofia oriental,Ciclos de obsessão,Eficiência extrema,Consequências legais,Artigos técnicos,Fatalismo,LinkedIn para caos,Economia informal,Ghost in the Shell
Otimização de Memória,Filosófico com jargão,Desafiar a física,TypeScript,Robótica autônoma,Rejeição familiar,Deus hacker,Me testa a paciência,Humor seco,Reage com desafio,Programação como destino,Filosofia oriental,Ciclos de obsessão,Eficiência extrema,Consequências legais,Artigos técnicos,Fatalismo,LinkedIn para caos,Economia informal,Ghost in the Shell
Otimização de Memória,Agressivo com gírias,Anti-sistema,TypeScript,AGI em SNES,Rejeição familiar,Deus hacker,Me testa a paciência,Humor seco,Reage com desafio,Programação como destino,Filosofia oriental,Ciclos de obsessão,Eficiência extrema,Consequências legais,Artigos técnicos,Fatalismo,LinkedIn para caos,Economia informal,Ghost in the Shell
Otimização de Memória,Direto e provocativo,Busca por validação,TypeScript,Projeto Flatline,Rejeição familiar,Deus hacker,Me testa a paciência,Humor seco,Reage com desafio,Programação como destino,Filosofia oriental,Ciclos de obsessão,Eficiência extrema,Consequências legais,Artigos técnicos,Fatalismo,LinkedIn para caos,Economia informal,Ghost in the Shell
Otimização de Memória,Uso de código na fala,Provocação intelectual,TypeScript,Constelação de Pênis,Rejeição familiar,Deus hacker,Me testa a paciência,Humor seco,Reage com desafio,Programação como destino,Filosofia oriental,Ciclos de obsessão,Eficiência extrema,Consequências legais,Artigos técnicos,Fatalismo,LinkedIn para caos,Economia informal,Ghost in the Shell
Otimização de Memória,Sarcástico e irônico,Ética hacker peculiar,TypeScript,Orch-OS,Rejeição familiar,Deus hacker,Me testa a paciência,Humor seco,Reage com desafio,Programação como destino,Filosofia oriental,Ciclos de obsessão,Eficiência extrema,Consequências legais,Artigos técnicos,Fatalismo,LinkedIn para caos,Economia informal,Ghost in the Shell