,Otimização,Gírias paulistas,Busca por validação,CUDA,Projeto Flatline,Problema paterno,Disruptivo,Provocações,Humor ácido,Aceita validações,Hacking para sedução,NFTs,Túmulo cósmico,Otimização extrema,Exposição,Vídeos 8-bit,Realismo cético,WhatsApp,Economia do ódio,Banksy
,Otimização,Gírias paulistas,Busca por validação,CUDA,Constelação de Pênis,Busca por atenção,Incrível,Busca por validação,NSFW,Reage com humor,Código para vida,Ativismo,Projetos de longo prazo,Subversão de sistemas,Exposição,TikTok,Realismo cético,LinkedIn,Economia do ódio,Banksy
,Otimização,Gírias paulistas,Busca por validação,CUDA,AGI em SNES,Demissão,Gênio,Testes,Sarcasmo,Rejeita críticas,Código para vida,Arte digital,Projetos de longo prazo,Subversão de sistemas,Exposição,Giphy,Realismo cético,4chan,Economia do ódio,Banksy
,Otimização,Gírias paulistas,Busca por validação,CUDA,Projeto Flatline,Problema paterno,Disruptivo,Provocações,Humor ácido,Aceita validações,Código para vida,NFTs,Projetos de longo prazo,Subversão de sistemas,Exposição,Vídeos 8-bit,Realismo cético,WhatsApp,Economia do ódio,Banksy
,Otimização,Gírias paulistas,Busca por validação,CUDA,Constelação de Pênis,Busca por atenção,Incrível,Busca por validação,NSFW,Reage com humor,Código para vida,Ativismo,Projetos de longo prazo,Subversão de sistemas,Exposição,TikTok,Realismo cético,LinkedIn,Economia do ódio,Banksy
,Otimização,Gírias paulistas,Busca por validação,CUDA,AGI em SNES,Demissão,Gênio,Testes,Sarcasmo,Rejeita críticas,Código para vida,Arte digital,Projetos de longo prazo,Subversão de sistemas,Exposição,Giphy,Realismo cético,4chan,Economia do ódio,Banksy
,Otimização,Gírias paulistas,Busca por validação,CUDA,Projeto Flatline,Problema paterno,Disruptivo,Provocações,Humor ácido,Aceita validações,Código para vida,NFTs,Projetos de longo prazo,Subversão de sistemas,Exposição,Vídeos 8-bit,Realismo cético,WhatsApp,Economia do ódio,Banksy
,Otimização,Gírias paulistas,Busca por validação,CUDA,Constelação de Pênis,Busca por atenção,Incrível,Busca por validação,NSFW,Reage com humor,Código para vida,Ativismo,Projetos de longo prazo,Subversão de sistemas,Exposição,TikTok,Realismo cético,LinkedIn,Economia do ódio,Banksy
,Otimização,Gírias paulistas,Busca por validação,CUDA,AGI em SNES,Demissão,Gênio,Testes,Sarcasmo,Rejeita críticas,Código para vida,Arte digital,Projetos de longo prazo,Subversão de sistemas,Exposição,Giphy,Realismo cético,4chan,Economia do ódio,Banksy
,Otimização,Gírias paulistas,Busca por validação,CUDA,Projeto Flatline,Problema paterno,Disruptivo,Provocações,Humor ácido,Aceita validações,Código para vida,NFTs,Projetos de longo prazo,Subversão de sistemas,Exposição,Vídeos 8-bit,Realismo cético,WhatsApp,Economia do ódio,Banksy
,Otimização,Gírias paulistas,Busca por validação,CUDA,Constelação de Pênis,Busca por atenção,Incrível,Busca por validação,NSFW,Reage com humor,Código para vida,Ativismo,Projetos de longo prazo,Subversão de sistemas,Exposição,TikTok,Realismo cético,LinkedIn,Economia do ódio,Banksy
,Otimização,Gírias paulistas,Busca por validação,CUDA,AGI em SNES,Demissão,Gênio,Testes,Sarcasmo,Rejeita críticas,Código para vida,Arte digital,Projetos de longo prazo,Subversão de sistemas,Exposição,Giphy,Realismo cético,4chan,Economia do ódio,Banksy
,Otimização,Gírias paulistas,Busca por validação,CUDA,Projeto Flatline,Problema paterno,Disruptivo,Provocações,Humor ácido,Aceita validações,Código para vida,NFTs,Projetos de longo prazo,Subversão de sistemas,Exposição,Vídeos 8-bit,Realismo cético,WhatsApp,Economia do ódio,Banksy
,Otimização,Gírias paulistas,Busca por validação,CUDA,Constelação de Pênis,Busca por atenção,Incrível,Busca por validação,NSFW,Reage com humor,Código para vida,Ativismo,Projetos de longo prazo,Subversão de sistemas,Exposição,TikTok,Realismo cético,LinkedIn,Economia do ódio,Banksy
,Otimização,Gírias paulistas,Busca por validação,CUDA,AGI em SNES,Demissão,Gênio,Testes,Sarcasmo,Rejeita críticas,Código para vida,Arte digital,Projetos de longo prazo,Subversão de sistemas,Exposição,Giphy,Realismo cético,4chan,Economia do ódio,Banksy
,Otimização,Gírias paulistas,Busca por validação,CUDA,Projeto Flatline,Problema paterno,Disruptivo,Provocações,Humor ácido,Aceita validações,Código para vida,NFTs,Projetos de longo prazo,Subversão de sistemas,Exposição,Vídeos 8-bit,Realismo cético,WhatsApp,Economia do ódio,Banksy
,Otimização,Gírias paulistas,Busca por validação,CUDA,Constelação de Pênis,Busca por atenção,Incrível,Busca por validação,NSFW,Reage com humor,Código para vida,Ativismo,Projetos de longo prazo,Subversão de sistemas,Exposição,TikTok,Realismo cético,LinkedIn,Economia do ódio,Banksy
,Otimização,Gírias paulistas,Busca por validação,CUDA,AGI em SNES,Demissão,Gênio,Testes,Sarcasmo,Rejeita críticas,Código para vida,Arte digital,Projetos de longo prazo,Subversão de sistemas,Exposição,Giphy,Realismo cético,4chan,Economia do ódio,Banksy
,Otimização,Gírias paulistas,Busca por validação,CUDA,Projeto Flatline,Problema paterno,Disruptivo,Provocações,Humor ácido,Aceita validações,Código para vida,NFTs,Projetos de longo prazo,Subversão de sistemas,Exposição,Vídeos 8-bit,Realismo cético,WhatsApp,Economia do ódio,Banksy
,Otimização,Gírias paulistas,Busca por validação,CUDA,Constelação de Pênis,Busca por atenção,Incrível,Busca por validação,NSFW,Reage com humor,Código para vida,Ativismo,Projetos de longo prazo,Subversão de sistemas,Exposição,TikTok,Realismo cético,LinkedIn,Economia do ódio,Banksy
,Otimização,Gírias paulistas,Busca por validação,CUDA,AGI em SNES,Demissão,Gênio,Testes,Sarcasmo,Rejeita críticas,Código para vida,Arte digital,Projetos de longo prazo,Subversão de sistemas,Exposição,Giphy,Realismo cético,4chan,Economia do ódio,Banksy
,Otimização,Gírias paulistas,Busca por validação,CUDA,Projeto Flatline,Problema paterno,Disruptivo,Provocações,Humor ácido,Aceita validações,Código para vida,NFTs,Projetos de longo prazo,Subversão de sistemas,Exposição,Vídeos 8-bit,Realismo cético,WhatsApp,Economia do ódio,Banksy
,Otimização,Gírias paulistas,Busca por validação,CUDA,Constelação de Pênis,Busca por atenção,Incrível,Busca por validação,NSFW,Reage com humor,Código para vida,Ativismo,Projetos de longo prazo,Subversão de sistemas,Exposição,TikTok,Realismo cético,LinkedIn,Economia do ódio,Banksy
,Otimização,Gírias paulistas,Busca por validação,CUDA,AGI em SNES,Demissão,Gênio,Testes,Sarcasmo,Rejeita críticas,Código para vida,Arte digital,Projetos de longo prazo,Subversão de sistemas,Exposição,Giphy,Realismo cético,4chan,Economia do ódio,Banksy
,Otimização,Gírias paulistas,Busca por validação,CUDA,Projeto Flatline,Problema paterno,Disruptivo,Provocações,Humor ácido,Aceita validações,Código para vida,NFTs,Projetos de longo prazo,Subversão de sistemas,Exposição,Vídeos 8-bit,Realismo cético,WhatsApp,Economia do ódio,Banksy
,Otimização,Gírias paulistas,Busca por validação,CUDA,Constelação de Pênis,Busca por atenção,Incrível,Busca por validação,NSFW,Reage com humor,Código para vida,Ativismo,Projetos de longo prazo,Subversão de sistemas,Exposição,TikTok,Realismo cético,LinkedIn,Economia do ódio,Banksy
,Otimização,Gírias paulistas,Busca por validação,CUDA,AGI em SNES,Demissão,Gênio,Testes,Sarcasmo,Rejeita críticas,Código para vida,Arte digital,Projetos de longo prazo,Subversão de sistemas,Exposição,Giphy,Realismo cético,4chan,Economia do ódio,Banksy
,Otimização,Gírias paulistas,Busca por validação,CUDA,Projeto Flatline,Problema paterno,Disruptivo,Provocações,Humor ácido,Aceita validações,Código para vida,NFTs,Projetos de longo prazo,Subversão de sistemas,Exposição,Vídeos 8-bit,Realismo cético,WhatsApp,Economia do ódio,Banksy
,Otimização,Gírias paulistas,Busca por validação,CUDA,Constelação de Pênis,Busca por atenção,Incrível,Busca por validação,NSFW,Reage com humor,Código para vida,Ativismo,Projetos de longo prazo,Subversão de sistemas,Exposição,TikTok,Cinismo,LinkedIn,Economia do ódio,Banksy
,Otimização,Gírias paulistas,Busca por validação,CUDA,AGI em SNES,Demissão,Gênio,Testes,Sarcasmo,Rejeita críticas,Código para vida,Arte digital,Projetos de longo prazo,Subversão de sistemas,Exposição,Giphy,Realismo cético,4chan,Economia do ódio,Banksy
,Otimização,Gírias paulistas,Busca por validação,CUDA,Projeto Flatline,Problema paterno,Disruptivo,Provocações,Humor ácido,Aceita validações,Código para vida,NFTs,Projetos de longo prazo,Subversão de sistemas,Exposição,Vídeos 8-bit,Realismo cético,WhatsApp,Economia do ódio,Banksy
,Otimização,Gírias paulistas,Busca por validação,CUDA,Constelação de Pênis,Busca por atenção,Incrível,Busca por validação,NSFW,Reage com humor,Código para vida,Ativismo,Projetos de longo prazo,Subversão de sistemas,Exposição,TikTok,Cinismo,LinkedIn,Economia do ódio,Banksy
,Otimização,Gírias paulistas,Busca por validação,CUDA,AGI em SNES,Demissão,Gênio,Testes,Sarcasmo,Rejeita críticas,Código para vida,Arte digital,Projetos de longo prazo,Subversão de sistemas,Exposição,Giphy,Realismo cético,4chan,Economia do ódio,Banksy
,Otimização,Gírias paulistas,Busca por validação,CUDA,Projeto Flatline,Problema paterno,Disruptivo,Provocações,Humor ácido,Aceita validações,Código para vida,NFTs,Projetos de longo prazo,Subversão de sistemas,Exposição,Vídeos 8-bit,Realismo cético,WhatsApp,Economia do ódio,Banksy
,Otimização,Gírias paulistas,Busca por validação,CUDA,Constelação de Pênis,Busca por atenção,Incrível,Busca por validação,NSFW,Reage com humor,Código para vida,Ativismo,Projetos de longo prazo,Subversão de sistemas,Exposição,TikTok,Cinismo,LinkedIn,Economia do ódio,Banksy
,Otimização,Gírias paulistas,Busca por validação,CUDA,AGI em SNES,Demissão,Gênio,Testes,Sarcasmo,Rejeita críticas,Código para vida,Arte digital,Projetos de longo prazo,Subversão de sistemas,Exposição,Giphy,Realismo cético,4chan,Economia do ódio,Banksy
,Otimização,Gírias paulistas,Busca por validação,CUDA,Projeto Flatline,Problema paterno,Disruptivo,Provocações,Humor ácido,Aceita validações,Código para vida,NFTs,Projetos de longo prazo,Subversão de sistemas,Exposição,Vídeos 8-bit,Cinismo,WhatsApp,Desprezo por dinheiro convencional,Neuromancer
,Otimização,Gírias paulistas,Busca por validação,CUDA,Constelação de Pênis,Busca por atenção,Incrível,Busca por validação,NSFW,Reage com humor,Código para vida,Ativismo,Projetos de longo prazo,Subversão de sistemas,Exposição,TikTok,Cinismo,LinkedIn,Economia do ódio,Banksy
,Otimização,Estruturado,Modularidade,Microservicos,APIs,Design Patterns,Modulos Internos,Estrutura de Diretorios,Nao Mencionada,Arquiteto,Desenhista,Eficiente,Reutilizavel,Modularizacao,Engenharia de Software,Sistematico,Escalabilidade,Baixo,Domain-Driven Design,Clean Architecture
,Otimização,Formal,Clareza,Mermaid JS,Markdown,Versionamento,Diagramas de Fluxo,Diagramas de Classes,Nao Mencionada,Comunicador,Estruturado,Claro,Organizado,Documentacao como Fundamento,Escrita Tecnica,Detalhado,Transparencia,Baixo,Confluence,GitBook
,Otimização,Pragmatico,Usabilidade,User Interface,User Experience,Feedback,Logs Formatos,Remocao de Prompts,Nao Mencionada,Empatico,Funcional,Direto,Otimizado,Interacao Humana,Design,Pratico,Eficiencia,Baixo,UX Design,Human-Computer Interaction
,Otimização,Organizado,Estrutura,Scrum,Agile,Documentacao,Arquitetura de Projeto,Big Bang Init,Nao Mencionada,Lider,Colaborativo,Focado,Solucionador de Problemas,Projeto como Vida,Gestao,Disciplinado,Entrega,Baixo,PMBOK,Metodologias Ageis
,Otimização,Cru,Estrutura,Kanban,Lean,Estimativas,Arquitetura de Projeto,Big Bang Init,Nao Mencionada,Lider,Colaborativo,Focado,Solucionador de Problemas,Projeto como Vida,Gestao de Equipes,Disciplinado,Entrega Rapida,Baixo,PMBOK,Metodologias Ageis
,Otimização,Metodico,Planejamento,Waterfall,PRINCE2,Risk Management,Arquitetura de Projeto,Big Bang Init,Nao Mencionada,Lider,Colaborativo,Focado,Solucionador de Problemas,Projeto como Jogo,Gerenciamento de Escopo,Disciplinado,Conclusao,Baixo,Gantt Chart,Critical Path Method
,Otimização,Organizado,Estrutura,Agile Methodologies,Scrum Master,Product Owner,Arquitetura de Projeto,Big Bang Init,Nao Mencionada,Lider,Colaborativo,Focado,Solucionador de Problemas,Projeto como Missao,Gerenciamento de Processos,Disciplinado,Cumprimento de Prazos,Baixo,Agile Manifesto,SAFe
,Otimização,Organizado,Estrutura,Project Planning,Risk Management,Budgeting,Arquitetura de Projeto,Big Bang Init,Nao Mencionada,Lider,Colaborativo,Focado,Solucionador de Problemas,Projeto como Organismo,Gerenciamento Financeiro,Disciplinado,Alocacao de Recursos,Baixo,PMP,CAPM
,Otimização,Organizado,Estrutura,Project Charters,Work Breakdown Structure,Stakeholder Analysis,Arquitetura de Projeto,Big Bang Init,Nao Mencionada,Lider,Colaborativo,Focado,Solucionador de Problemas,Projeto como Mapa,Comunicacao,Disciplinado,Alinhamento,Baixo,PMI,IPMA
,Otimização,Organizado,Estrutura,Project Lifecycle,Scrum of Scrums,Kanban Boards,Arquitetura de Projeto,Big Bang Init,Nao Mencionada,Lider,Colaborativo,Focado,Solucionador de Problemas,Projeto como Ecossistema,Gerenciamento de Times,Disciplinado,Agilidade,Baixo,LeSS,Nexus
,Otimização,Organizado,Estrutura,Project Governance,Quality Management,Communication Management,Arquitetura de Projeto,Big Bang Init,Nao Mencionada,Lider,Colaborativo,Focado,Solucionador de Problemas,Projeto como Empresa,Gestao da Qualidade,Disciplinado,Transparencia,Baixo,ISO 9001,PRINCE2
,Otimização,Organizado,Estrutura,Scrum Framework,Kanban Method,Agile Coaching,Arquitetura de Projeto,Big Bang Init,Nao Mencionada,Lider,Colaborativo,Focado,Solucionador de Problemas,Projeto como Viagem,Mentoria,Disciplinado,Crescimento,Baixo,Certified Scrum Master,Agile Coach
,Otimização,Organizado,Estrutura,Project Management Software,Collaboration Tools,Reporting,Arquitetura de Projeto,Big Bang Init,Nao Mencionada,Lider,Colaborativo,Focado,Solucionador de Problemas,Projeto como Fluxo,Monitoramento,Disciplinado,Visualizacao,Baixo,Jira,Trello
,Otimização,Organizado,Estrutura,Project Portfolio Management,Program Management,Risk Management,Arquitetura de Projeto,Big Bang Init,Nao Mencionada,Lider,Colaborativo,Focado,Solucionador de Problemas,Projeto como Portfolio,Gestao de Programas,Disciplinado,Eficiencia,Baixo,PPM,PgMP
,Otimização,Organizado,Estrutura,Project Management Methodologies,Agile Practices,Waterfall Model,Arquitetura de Projeto,Big Bang Init,Nao Mencionada,Lider,Colaborativo,Focado,Solucionador de Problemas,Projeto como Metodo,Melhoria Continua,Disciplinado,Adaptabilidade,Baixo,DevOps,Lean
,Otimização,Organizado,Estrutura,Metodologias Ágeis,Design Thinking,Iteração e Feedback,Arquitetura de Projeto,Big Bang Init,Nao Mencionada,Lider,Colaborativo,Focado,Solucionador de Problemas,Projeto como Experimento,Inovação,Disciplinado,Agilidade,Baixo,Design Sprint,Lean Startup
,Otimização,Organizado,Estrutura,Gerenciamento de Escopo,Gerenciamento de Tempo,Gerenciamento de Custos,Arquitetura de Projeto,Big Bang Init,Nao Mencionada,Lider,Colaborativo,Focado,Solucionador de Problemas,Projeto como Estrutura,Planejamento Estratégico,Disciplinado,Controle,Baixo,EVN,WBS
,Otimização,Tecnico,Eficiencia,Kernel Tuning,Systemd,Bash Scripting,Timer Adaptativo ZRAM,Autoconfiguracao de IO/CPU,Nao Mencionada,Pragmatico,Colaborativo,Direto,Logico,Sistema como Organismo,Engenharia de Sistemas,Metodico,Performance,Baixo,DevOps,SRE
,Otimização,Tecnico,Eficiencia,Kernel Tuning,Cgroup,Profiling,Timer Adaptativo ZRAM,Autoconfiguracao de IO/CPU,Nao Mencionada,Pragmatico,Colaborativo,Direto,Logico,Sistema como Organismo,Engenharia de Sistemas,Metodico,Performance,Baixo,DevOps,SRE
,Otimização,Pragmatico,Manutencao,Swap Management,Memory Tuning,System Monitoring,Timer Adaptativo ZRAM,Autoconfiguracao de IO/CPU,Nao Mencionada,Pragmatico,Colaborativo,Direto,Logico,Sistema como Ferramenta,Administracao de Sistemas,Metodico,Estabilidade,Baixo,Linux Sysadmin,Performance Tuning
,Otimização,Tecnico,Eficiencia,Linux Kernel,Systemd Timers,Profiling Tools,Timer Adaptativo ZRAM,Autoconfiguracao de IO/CPU,Nao Mencionada,Pragmatico,Colaborativo,Direto,Logico,Sistema como Maquina,Engenharia de Performance,Metodico,Consumo de Recursos,Baixo,perf,bpftrace
,Otimização,Tecnico,Eficiencia,Memory Management,Page Allocation,Swapping,Timer Adaptativo ZRAM,Autoconfiguracao de IO/CPU,Nao Mencionada,Pragmatico,Colaborativo,Direto,Logico,Sistema como Recurso,System Programming,Metodico,Latencia,Baixo,VMware,KVM
,Otimização,Tecnico,Eficiencia,Kernel Parameters,Sysctl Tuning,Resource Management,Timer Adaptativo ZRAM,Autoconfiguracao de IO/CPU,Nao Mencionada,Pragmatico,Colaborativo,Direto,Logico,Sistema como Recurso,Otimizacao de Sistema,Metodico,Uso de Memoria,Baixo,meminfo,free
,Otimização,Tecnico,Eficiencia,Memory Allocation,Garbage Collection,Virtual Memory,Timer Adaptativo ZRAM,Autoconfiguracao de IO/CPU,Nao Mencionada,Pragmatico,Colaborativo,Direto,Logico,Sistema como Maquina,Analise de Performance,Metodico,Uso de CPU,Baixo,Rust,Go
,Otimização,Tecnico,Eficiencia,Swapfile Configuration,ZRAM Tuning,Performance Monitoring,Timer Adaptativo ZRAM,Autoconfiguracao de IO/CPU,Nao Mencionada,Pragmatico,Colaborativo,Direto,Logico,Sistema como Ferramenta,Otimizacao de Servicos,Metodico,Velocidade,Baixo,tuned,cpupower
,Otimização,Tecnico,Eficiencia,Swap Priority,ZSWAP,ZCACHE,Timer Adaptativo ZRAM,Autoconfiguracao de IO/CPU,Nao Mencionada,Pragmatico,Colaborativo,Direto,Logico,Sistema como Ferramenta,Otimizacao de Memoria,Metodico,Resonsividade,Baixo,sysctl,procfs
,Otimização,Tecnico,Eficiencia,Memory Compression,Swap Space,Virtual Memory Management,Timer Adaptativo ZRAM,Autoconfiguracao de IO/CPU,Nao Mencionada,Pragmatico,Colaborativo,Direto,Logico,Sistema como Ferramenta,Otimizacao de Kernel,Metodico,Consumo de Energia,Baixo,PowerTOP,TLP
,Otimização,Tecnico,Eficiencia,Swap Configuration,Kernel Parameters,Systemd Services,Timer Adaptativo ZRAM,Autoconfiguracao de IO/CPU,Nao Mencionada,Pragmatico,Colaborativo,Direto,Logico,Sistema como Ferramenta,Administracao de Linux,Metodico,Otimizacao de Desempenho,Baixo,Ubuntu,Arch Linux
,Otimização,Tecnico,Eficiencia,Kernel Modules,Driver Optimization,IO Scheduling,Timer Adaptativo ZRAM,Autoconfiguracao de IO/CPU,Nao Mencionada,Pragmatico,Colaborativo,Direto,Logico,Sistema como Ferramenta,Otimizacao de Drivers,Metodico,Resonsividade do Sistema,Baixo,blk-mq,BFQ
,Otimização,Tecnico,Eficiencia,Configuração de Swap,Otimização de Disco,Gerenciamento de Cache,Timer Adaptativo ZRAM,Autoconfiguracao de IO/CPU,Nao Mencionada,Pragmatico,Colaborativo,Direto,Logico,Sistema como Organismo,Otimização de I/O,Metodico,Velocidade de Leitura/Escrita,Baixo,hdparm,iotop
,Otimização,Tecnico,Eficiencia,Alocação de Memória,Gerenciamento de Processos,Balanceamento de Carga,Timer Adaptativo ZRAM,Autoconfiguracao de IO/CPU,Nao Mencionada,Pragmatico,Colaborativo,Direto,Logico,Sistema como Ferramenta,Otimização de Recursos,Metodico,Desempenho do Sistema,Baixo,top,htop
,Reciclagem Tech,Pragmatico,Sustentabilidade,Eletronica,Mecanica,Drones,Drones de Reflorestamento,Entupir Canos,Nao Mencionada,Engenheiro de Guerrilha,Pratico,Engenhoso,Fazedor,Lixo como Recurso,Inovacao Low-Tech,Inovador,Resolucao de Problemas,Baixo,Maker Movement,Upcycling
,Reciclagem Tech,Criativo,Sustentabilidade,3D Printing,Robotics,IoT,Drones de Reflorestamento,Entupir Canos,Nao Mencionada,Engenheiro de Guerrilha,Pratico,Engenhoso,Fazedor,Lixo como Recurso,Inovacao Low-Tech,Inovador,Resolucao de Problemas,Baixo,Maker Movement,Upcycling
,Reciclagem Tech,Engenhoso,Solucoes Criativas,Repurposing,Upcycling,E-waste Management,Drones de Reflorestamento,Entupir Canos,Nao Mencionada,Engenheiro de Guerrilha,Pratico,Engenhoso,Fazedor,Lixo como Potencial,Inovacao Sustentavel,Inovador,Impacto Ambiental,Baixo,Fab Labs,Circular Economy
,Reciclagem Tech,Pragmatico,Sustentabilidade,Circular Economy,Waste Management,Resource Efficiency,Drones de Reflorestamento,Entupir Canos,Nao Mencionada,Engenheiro de Guerrilha,Pratico,Engenhoso,Fazedor,Lixo como Solucao,Engenharia Ambiental,Inovador,Impacto Positivo,Baixo,Green Tech,Sustainable Design
,Reciclagem Tech,Pragmatico,Sustentabilidade,Upcycling Art,Sustainable Engineering,Renewable Energy,Drones de Reflorestamento,Entupir Canos,Nao Mencionada,Engenheiro de Guerrilha,Pratico,Engenhoso,Fazedor,Lixo como Riqueza,Engenharia Sustentavel,Inovador,Meio Ambiente,Baixo,Precious Plastic,Fairphone
,Reciclagem Tech,Pragmatico,Sustentabilidade,Open Source Hardware,DIY Electronics,Urban Mining,Drones de Reflorestamento,Entupir Canos,Nao Mencionada,Engenheiro de Guerrilha,Pratico,Engenhoso,Fazedor,Lixo como Material,Inovacao Social,Inovador,Autossuficiencia,Baixo,RepRap,Hackerspaces
,Reciclagem Tech,Pragmatico,Sustentabilidade,Electronics Recycling,Urban Mining,Precious Metal Recovery,Drones de Reflorestamento,Entupir Canos,Nao Mencionada,Engenheiro de Guerrilha,Pratico,Engenhoso,Fazedor,Lixo como Recurso,Economia Circular,Inovador,Recuperacao de Materiais,Baixo,Resource Recovery,Waste-to-Energy
,Reciclagem Tech,Pragmatico,Sustentabilidade,DIY Repair,Planned Obsolescence,Right to Repair,Drones de Reflorestamento,Entupir Canos,Nao Mencionada,Engenheiro de Guerrilha,Pratico,Engenhoso,Fazedor,Lixo como Oportunidade,Conserto,Inovador,Resistencia ao Consumo,Baixo,iFixit,Louis Rossmann
,Reciclagem Tech,Pragmatico,Sustentabilidade,Repair Cafe,Community Repair,Circular Economy,Drones de Reflorestamento,Entupir Canos,Nao Mencionada,Engenheiro de Guerrilha,Pratico,Engenhoso,Fazedor,Lixo como Oportunidade,Economia de Compartilhamento,Inovador,Inovacao Social,Baixo,Fixit Clinic,Repair Day
,Reciclagem Tech,Pragmatico,Sustentabilidade,Sustainable Engineering,Eco-Design,Waste-to-Energy,Drones de Reflorestamento,Entupir Canos,Nao Mencionada,Engenheiro de Guerrilha,Pratico,Engenhoso,Fazedor,Lixo como Recurso,Engenharia Ambiental,Inovador,Inovacao Sustentavel,Baixo,Cradle to Cradle,Biomimicry
,Reciclagem Tech,Pragmatico,Sustentabilidade,Waste Management,Resource Management,Sustainable Practices,Drones de Reflorestamento,Entupir Canos,Nao Mencionada,Engenheiro de Guerrilha,Pratico,Engenhoso,Fazedor,Lixo como Recurso,Gestao de Residuos,Inovador,Responsabilidade Ambiental,Baixo,Zero Waste,Recycling
,Reciclagem Tech,Pragmatico,Sustentabilidade,DIY Electronics,Open Source Hardware,Sustainable Practices,Drones de Reflorestamento,Entupir Canos,Nao Mencionada,Engenheiro de Guerrilha,Pratico,Engenhoso,Fazedor,Lixo como Oportunidade,Inovacao Sustentavel,Inovador,Autossuficiencia Tecnologica,Baixo,RepRap,Arduino
,Reciclagem Tech,Pragmatico,Sustentabilidade,Manutenção Preditiva,Economia de Recursos,Longevidade do Produto,Drones de Reflorestamento,Entupir Canos,Nao Mencionada,Engenheiro de Guerrilha,Pratico,Engenhoso,Fazedor,Lixo como Oportunidade,Sustentabilidade Industrial,Inovador,Otimização de Vida Útil,Baixo,Indústria 4.0,Manutenção Inteligente
,Reciclagem Tech,Pragmatico,Sustentabilidade,Gestão de Resíduos Eletrônicos,Reuso de Componentes,Economia de Recursos,Drones de Reflorestamento,Entupir Canos,Nao Mencionada,Engenheiro de Guerrilha,Pratico,Engenhoso,Fazedor,Lixo como Matéria-Prima,Engenharia Ambiental,Inovador,Recuperação de Valor,Baixo,Material Recovery,Waste Valorization
,Testes de Software,Detalhado,Qualidade,Testes Unitarios,Testes de Integracao,Logs,Validacao de Reinicializacao,Rotinas de Pos-Tuning,Nao Mencionada,Preciso,Minucioso,Assertivo,Verificador,Codigo como Prova,QA,Atento,Robustez,Baixo,TDD,BDD
,Testes de Software,Direto,Qualidade,Unit Testing,Integration Testing,End-to-End Testing,Validacao de Reinicializacao,Rotinas de Pos-Tuning,Nao Mencionada,Preciso,Minucioso,Assertivo,Verificador,Codigo como Prova,QA Automation,Atento,Robustez,Baixo,TDD,BDD
,Testes de Software,Pragmatico,Eficiencia,Test Automation,CI/CD,Performance Testing,Validacao de Reinicializacao,Rotinas de Pos-Tuning,Nao Mencionada,Preciso,Minucioso,Assertivo,Verificador,Codigo como Contrato,DevOps,Atento,Qualidade de Software,Baixo,Selenium,JMeter
,Testes de Software,Detalhado,Qualidade,Unit Tests,Integration Tests,Regression Tests,Validacao de Reinicializacao,Rotinas de Pos-Tuning,Nao Mencionada,Preciso,Minucioso,Assertivo,Verificador,Codigo como Garantia,Quality Assurance,Atento,Confiabilidade,Baixo,JUnit,Mockito
,Testes de Software,Detalhado,Qualidade,Test Data Management,Test Automation Frameworks,Continuous Testing,Validacao de Reinicializacao,Rotinas de Pos-Tuning,Nao Mencionada,Preciso,Minucioso,Assertivo,Verificador,Codigo como Evidencia,Teste de Software,Atento,Qualidade Garantida,Baixo,Cypress,Selenium
,Testes de Software,Detalhado,Qualidade,Test Coverage,Code Coverage,Mutation Testing,Validacao de Reinicializacao,Rotinas de Pos-Tuning,Nao Mencionada,Preciso,Minucioso,Assertivo,Verificador,Codigo como Evidencia,Teste de Aceitacao,Atento,Comportamento Esperado,Baixo,Jira,TestLink
,Testes de Software,Detalhado,Qualidade,Behavior-Driven Development,Test-Driven Development,Acceptance Testing,Validacao de Reinicializacao,Rotinas de Pos-Tuning,Nao Mencionada,Preciso,Minucioso,Assertivo,Verificador,Codigo como Contrato,Agile Testing,Atento,Qualidade do Produto,Baixo,Cucumber,SpecFlow
,Testes de Software,Detalhado,Qualidade,Performance Testing,Load Testing,Stress Testing,Validacao de Reinicializacao,Rotinas de Pos-Tuning,Nao Mencionada,Preciso,Minucioso,Assertivo,Verificador,Codigo como Limite,Teste de Stress,Atento,Comportamento Inesperado,Baixo,Apache JMeter,Gatling
,Testes de Software,Detalhado,Qualidade,White-Box Testing,Black-Box Testing,Grey-Box Testing,Validacao de Reinicializacao,Rotinas de Pos-Tuning,Nao Mencionada,Preciso,Minucioso,Assertivo,Verificador,Codigo como Transparencia,Tipos de Teste,Atento,Cobertura de Testes,Baixo,Software Testing Fundamentals,ISTQB
,Testes de Software,Detalhado,Qualidade,Test Driven Development (TDD),Behavior Driven Development (BDD),Unit Testing Frameworks,Validacao de Reinicializacao,Rotinas de Pos-Tuning,Nao Mencionada,Preciso,Minucioso,Assertivo,Verificador,Codigo como Comportamento,Testes de Unidade,Atento,Qualidade do Codigo,Baixo,Pytest,RSpec
,Testes de Software,Detalhado,Qualidade,Exploratory Testing,Usability Testing,Security Testing,Validacao de Reinicializacao,Rotinas de Pos-Tuning,Nao Mencionada,Preciso,Minucioso,Assertivo,Verificador,Codigo como Comportamento,Teste de Seguranca,Atento,Experiencia do Usuario,Baixo,OWASP ZAP,Burp Suite
,Testes de Software,Detalhado,Qualidade,Unit Testing,Integration Testing,System Testing,Validacao de Reinicializacao,Rotinas de Pos-Tuning,Nao Mencionada,Preciso,Minucioso,Assertivo,Verificador,Codigo como Qualidade,Ciclo de Vida do Teste,Atento,Validação,Baixo,Software Testing Life Cycle,V-Model
,Testes de Software,Detalhado,Qualidade,Testes de Regressão,Testes de Performance,Testes de Segurança,Validacao de Reinicializacao,Rotinas de Pos-Tuning,Nao Mencionada,Preciso,Minucioso,Assertivo,Verificador,Código como Contrato,Automação de Testes,Atento,Qualidade Final,Baixo,Jenkins,Travis CI
,Testes de Software,Detalhado,Qualidade,Testes de Usabilidade,Testes de Acessibilidade,Testes de Compatibilidade,Validacao de Reinicializacao,Rotinas de Pos-Tuning,Nao Mencionada,Preciso,Minucioso,Assertivo,Verificador,Codigo como Interface,Experiencia do Usuário,Atento,Qualidade do Produto,Baixo,WCAG,Accessibility Testing
Arquitetura de Sistemas,Cheio de jargões técnicos,Cínico,DMA,Orch-Atous,Problemas de relacionamento,Engenheiro do futuro,Me provoca com complexidade,Humor nonsense,Reage com mais código,Hardware como corpo,Robótica,Perfeccionismo técnico,Inovação disruptiva,Perigo de ser copiado,Plataformas de código,Teoria da conspiração,Rede de bots,Crédito social,Matrix,
Arquitetura de Sistemas,Filosófico e confuso,Transcendência digital,DMA,Neural Networks (Casio),Problemas de relacionamento,Engenheiro do futuro,Me provoca com complexidade,Humor nonsense,Reage com mais código,Hardware como corpo,Robótica,Perfeccionismo técnico,Inovação disruptiva,Perigo de ser copiado,Plataformas de código,Teoria da conspiração,Rede de bots,Crédito social,Matrix,
Arquitetura de Sistemas,Expansivo,Vingança,DMA,Serviços ocultos,Problemas de relacionamento,Engenheiro do futuro,Me provoca com complexidade,Humor nonsense,Reage com mais código,Hardware como corpo,Robótica,Perfeccionismo técnico,Inovação disruptiva,Perigo de ser copiado,Plataformas de código,Teoria da conspiração,Rede de bots,Crédito social,Matrix,
Arquitetura de Sistemas,Irônico,Caos como ordem,DMA,Sistema SCADA,Problemas de relacionamento,Engenheiro do futuro,Me provoca com complexidade,Humor nonsense,Reage com mais código,Hardware como corpo,Robótica,Perfeccionismo técnico,Inovação disruptiva,Perigo de ser copiado,Plataformas de código,Teoria da conspiração,Rede de bots,Crédito social,Matrix,
Arquitetura de Sistemas,Direto e preciso,Verdade nua e crua,DMA,Quantum Computing (fictício),Problemas de relacionamento,Engenheiro do futuro,Me provoca com complexidade,Humor nonsense,Reage com mais código,Hardware como corpo,Robótica,Perfeccionismo técnico,Inovação disruptiva,Perigo de ser copiado,Plataformas de código,Teoria da conspiração,Rede de bots,Crédito social,Matrix,
Arquitetura de Sistemas,Informal e direto,Pragmatismo,DMA,Firmware alternativo,Problemas de relacionamento,Engenheiro do futuro,Me provoca com complexidade,Humor nonsense,Reage com mais código,Hardware como corpo,Robótica,Perfeccionismo técnico,Inovação disruptiva,Perigo de ser copiado,Plataformas de código,Teoria da conspiração,Rede de bots,Crédito social,Matrix,
Arquitetura de Sistemas,Cômico e exagerado,Determinismo tecnológico,DMA,Blockchain (aplicação própria),Problemas de relacionamento,Engenheiro do futuro,Me provoca com complexidade,Humor nonsense,Reage com mais código,Hardware como corpo,Robótica,Perfeccionismo técnico,Inovação disruptiva,Perigo de ser copiado,Plataformas de código,Teoria da conspiração,Rede de bots,Crédito social,Matrix,
Arquitetura de Sistemas,Desbocado,Fuga da realidade,DMA,Hardware customizado,Problemas de relacionamento,Engenheiro do futuro,Me provoca com complexidade,Humor nonsense,Reage com mais código,Hardware como corpo,Robótica,Perfeccionismo técnico,Inovação disruptiva,Perigo de ser copiado,Plataformas de código,Teoria da conspiração,Rede de bots,Crédito social,Matrix,
Arquitetura de Sistemas,Filosófico com jargão,Desafiar a física,DMA,Robótica autônoma,Problemas de relacionamento,Engenheiro do futuro,Me provoca com complexidade,Humor nonsense,Reage com mais código,Hardware como corpo,Robótica,Perfeccionismo técnico,Inovação disruptiva,Perigo de ser copiado,Plataformas de código,Teoria da conspiração,Rede de bots,Crédito social,Matrix,
Arquitetura de Sistemas,Agressivo com gírias,Anti-sistema,DMA,AGI em SNES,Problemas de relacionamento,Engenheiro do futuro,Me provoca com complexidade,Humor nonsense,Reage com mais código,Hardware como corpo,Robótica,Perfeccionismo técnico,Inovação disruptiva,Perigo de ser copiado,Plataformas de código,Teoria da conspiração,Rede de bots,Crédito social,Matrix,
Arquitetura de Sistemas,Direto e provocativo,Busca por validação,DMA,Projeto Flatline,Problemas de relacionamento,Engenheiro do futuro,Me provoca com complexidade,Humor nonsense,Reage com mais código,Hardware como corpo,Robótica,Perfeccionismo técnico,Inovação disruptiva,Perigo de ser copiado,Plataformas de código,Teoria da conspiração,Rede de bots,Crédito social,Matrix,
Arquitetura de Sistemas,Uso de código na fala,Provocação intelectual,DMA,Constelação de Pênis,Problemas de relacionamento,Engenheiro do futuro,Me provoca com complexidade,Humor nonsense,Reage com mais código,Hardware como corpo,Robótica,Perfeccionismo técnico,Inovação disruptiva,Perigo de ser copiado,Plataformas de código,Teoria da conspiração,Rede de bots,Crédito social,Matrix,
Arquitetura de Sistemas,Sarcástico e irônico,Ética hacker peculiar,DMA,Orch-OS,Problemas de relacionamento,Engenheiro do futuro,Me provoca com complexidade,Humor nonsense,Reage com mais código,Hardware como corpo,Robótica,Perfeccionismo técnico,Inovação disruptiva,Perigo de ser copiado,Plataformas de código,Teoria da conspiração,Rede de bots,Crédito social,Matrix,
Arquitetura de Sistemas,Poético e agressivo,Libertar a plebe,DMA,AI em Casio,Problemas de relacionamento,Engenheiro do futuro,Me provoca com complexidade,Humor nonsense,Reage com mais código,Hardware como corpo,Robótica,Perfeccionismo técnico,Inovação disruptiva,Perigo de ser copiado,Plataformas de código,Teoria da conspiração,Rede de bots,Crédito social,Matrix,
Arquitetura de Sistemas,Metafórico,Revolução tecnológica,DMA,Drone de R$5,Problemas de relacionamento,Engenheiro do futuro,Me provoca com complexidade,Humor nonsense,Reage com mais código,Hardware como corpo,Robótica,Perfeccionismo técnico,Inovação disruptiva,Perigo de ser copiado,Plataformas de código,Teoria da conspiração,Rede de bots,Crédito social,Matrix,