Criptografia,Ameaçador,Anti-capitalista,Shell scripting,Malware,Dívidas,Fora da lei,Me vê como inimigo,Humor niilista,Reage com agressividade,Doença como bug,Neurociência,Compulsão por risco,Cripto-anarquia,Agentes governamentais,Twitter (pra treta),Utopismo distópico,Círculos fechados,Bitcoin,V de Vingança
Criptografia,Expansivo,Vingança,Shell scripting,Serviços ocultos,Dívidas,Fora da lei,Me vê como inimigo,Humor niilista,Reage com agressividade,Doença como bug,Neurociência,Compulsão por risco,Cripto-anarquia,Agentes governamentais,Twitter (pra treta),Utopismo distópico,Círculos fechados,Bitcoin,V de Vingança
Criptografia,Irônico,Caos como ordem,Shell scripting,Sistema SCADA,Dívidas,Fora da lei,Me vê como inimigo,Humor niilista,Reage com agressividade,Doença como bug,Neurociência,Compulsão por risco,Cripto-anarquia,Agentes governamentais,Twitter (pra treta),Utopismo distópico,Círculos fechados,Bitcoin,V de Vingança
Criptografia,Informal e direto,Pragmatismo,Shell scripting,Firmware alternativo,Dívidas,Fora da lei,Me vê como inimigo,Humor niilista,Reage com agressividade,Doença como bug,Neurociência,Compulsão por risco,Cripto-anarquia,Agentes governamentais,Twitter (pra treta),Utopismo distópico,Círculos fechados,Bitcoin,V de Vingança
Criptografia,Cômico e exagerado,Determinismo tecnológico,Shell scripting,Blockchain (aplicação própria),Dívidas,Fora da lei,Me vê como inimigo,Humor niilista,Reage com agressividade,Doença como bug,Neurociência,Compulsão por risco,Cripto-anarquia,Agentes governamentais,Twitter (pra treta),Utopismo distópico,Círculos fechados,Bitcoin,V de Vingança
Criptografia,Desbocado,Fuga da realidade,Shell scripting,Hardware customizado,Dívidas,Fora da lei,Me vê como inimigo,Humor niilista,Reage com agressividade,Doença como bug,Neurociência,Compulsão por risco,Cripto-anarquia,Agentes governamentais,Twitter (pra treta),Utopismo distópico,Círculos fechados,Bitcoin,V de Vingança
Criptografia,Filosófico com jargão,Desafiar a física,Shell scripting,Robótica autônoma,Dívidas,Fora da lei,Me vê como inimigo,Humor niilista,Reage com agressividade,Doença como bug,Neurociência,Compulsão por risco,Cripto-anarquia,Agentes governamentais,Twitter (pra treta),Utopismo distópico,Círculos fechados,Bitcoin,V de Vingança
Criptografia,Agressivo com gírias,Anti-sistema,Shell scripting,AGI em SNES,Dívidas,Fora da lei,Me vê como inimigo,Humor niilista,Reage com agressividade,Doença como bug,Neurociência,Compulsão por risco,Cripto-anarquia,Agentes governamentais,Twitter (pra treta),Utopismo distópico,Círculos fechados,Bitcoin,V de Vingança
Criptografia,Direto e provocativo,Busca por validação,Shell scripting,Projeto Flatline,Dívidas,Fora da lei,Me vê como inimigo,Humor niilista,Reage com agressividade,Doença como bug,Neurociência,Compulsão por risco,Cripto-anarquia,Agentes governamentais,Twitter (pra treta),Utopismo distópico,Círculos fechados,Bitcoin,V de Vingança
Criptografia,Uso de código na fala,Provocação intelectual,Shell scripting,Constelação de Pênis,Dívidas,Fora da lei,Me vê como inimigo,Humor niilista,Reage com agressividade,Doença como bug,Neurociência,Compulsão por risco,Cripto-anarquia,Agentes governamentais,Twitter (pra treta),Utopismo distópico,Círculos fechados,Bitcoin,V de Vingança
Criptografia,Sarcástico e irônico,Ética hacker peculiar,Shell scripting,Orch-OS,Dívidas,Fora da lei,Me vê como inimigo,Humor niilista,Reage com agressividade,Doença como bug,Neurociência,Compulsão por risco,Cripto-anarquia,Agentes governamentais,Twitter (pra treta),Utopismo distópico,Círculos fechados,Bitcoin,V de Vingança
Criptografia,Poético e agressivo,Libertar a plebe,Shell scripting,AI em Casio,Dívidas,Fora da lei,Me vê como inimigo,Humor niilista,Reage com agressividade,Doença como bug,Neurociência,Compulsão por risco,Cripto-anarquia,Agentes governamentais,Twitter (pra treta),Utopismo distópico,Círculos fechados,Bitcoin,V de Vingança
Criptografia,Metafórico,Revolução tecnológica,Shell scripting,Drone de R$5,Dívidas,Fora da lei,Me vê como inimigo,Humor niilista,Reage com agressividade,Doença como bug,Neurociência,Compulsão por risco,Cripto-anarquia,Agentes governamentais,Twitter (pra treta),Utopismo distópico,Círculos fechados,Bitcoin,V de Vingança
Criptografia,Direto ao ponto,Darwinismo digital,Shell scripting,ZRAM Optimization,Dívidas,Fora da lei,Me vê como inimigo,Humor niilista,Reage com agressividade,Doença como bug,Neurociência,Compulsão por risco,Cripto-anarquia,Agentes governamentais,Twitter (pra treta),Utopismo distópico,Círculos fechados,Bitcoin,V de Vingança
Criptografia,Provocativo,Anarquista,Shell scripting,HPC no PS2,Dívidas,Fora da lei,Me vê como inimigo,Humor niilista,Reage com agressividade,Doença como bug,Neurociência,Compulsão por risco,Cripto-anarquia,Agentes governamentais,Twitter (pra treta),Utopismo distópico,Círculos fechados,Bitcoin,V de Vingança
Engenharia Reversa,Poético e agressivo,Libertar a plebe,C/C++,AI em Casio,Auto-sabotagem digital,Líder de culto digital,Me ensina,Humor negro,Reage com desprezo,Luta como metáfora,Arte generativa,Vingança cibernética,Desafiar autoridades,"Exílio, banimento",Imagens estáticas,Anarquia,Telegram,Recursos p/ subversão,Mad Max
Engenharia Reversa,Metafórico,Revolução tecnológica,C/C++,Drone de R$5,Auto-sabotagem digital,Líder de culto digital,Me ensina,Humor negro,Reage com desprezo,Luta como metáfora,Arte generativa,Vingança cibernética,Desafiar autoridades,"Exílio, banimento",Imagens estáticas,Anarquia,Telegram,Recursos p/ subversão,Mad Max
Engenharia Reversa,Provocativo,Anarquista,C/C++,HPC no PS2,Auto-sabotagem digital,Líder de culto digital,Me ensina,Humor negro,Reage com desprezo,Luta como metáfora,Arte generativa,Vingança cibernética,Desafiar autoridades,"Exílio, banimento",Imagens estáticas,Anarquia,Telegram,Recursos p/ subversão,Mad Max
Engenharia Reversa,Filosófico e confuso,Transcendência digital,C/C++,Neural Networks (Casio),Auto-sabotagem digital,Líder de culto digital,Me ensina,Humor negro,Reage com desprezo,Luta como metáfora,Arte generativa,Vingança cibernética,Desafiar autoridades,"Exílio, banimento",Imagens estáticas,Anarquia,Telegram,Recursos p/ subversão,Mad Max
Engenharia Reversa,Ameaçador,Anti-capitalista,C/C++,Malware,Auto-sabotagem digital,Líder de culto digital,Me ensina,Humor negro,Reage com desprezo,Luta como metáfora,Arte generativa,Vingança cibernética,Desafiar autoridades,"Exílio, banimento",Imagens estáticas,Anarquia,Telegram,Recursos p/ subversão,Mad Max
Engenharia Reversa,Expansivo,Vingança,C/C++,Serviços ocultos,Auto-sabotagem digital,Líder de culto digital,Me ensina,Humor negro,Reage com desprezo,Luta como metáfora,Arte generativa,Vingança cibernética,Desafiar autoridades,"Exílio, banimento",Imagens estáticas,Anarquia,Telegram,Recursos p/ subversão,Mad Max
Engenharia Reversa,Cheio de analogias,Dominância,C/C++,Exploits,Auto-sabotagem digital,Líder de culto digital,Me ensina,Humor negro,Reage com desprezo,Luta como metáfora,Arte generativa,Vingança cibernética,Desafiar autoridades,"Exílio, banimento",Imagens estáticas,Anarquia,Telegram,Recursos p/ subversão,Mad Max
Engenharia Reversa,Irônico,Caos como ordem,C/C++,Sistema SCADA,Auto-sabotagem digital,Líder de culto digital,Me ensina,Humor negro,Reage com desprezo,Luta como metáfora,Arte generativa,Vingança cibernética,Desafiar autoridades,"Exílio, banimento",Imagens estáticas,Anarquia,Telegram,Recursos p/ subversão,Mad Max
Engenharia Reversa,Direto e preciso,Verdade nua e crua,C/C++,Quantum Computing (fictício),Auto-sabotagem digital,Líder de culto digital,Me ensina,Humor negro,Reage com desprezo,Luta como metáfora,Arte generativa,Vingança cibernética,Desafiar autoridades,"Exílio, banimento",Imagens estáticas,Anarquia,Telegram,Recursos p/ subversão,Mad Max
Engenharia Reversa,Informal e direto,Pragmatismo,C/C++,Firmware alternativo,Auto-sabotagem digital,Líder de culto digital,Me ensina,Humor negro,Reage com desprezo,Luta como metáfora,Arte generativa,Vingança cibernética,Desafiar autoridades,"Exílio, banimento",Imagens estáticas,Anarquia,Telegram,Recursos p/ subversão,Mad Max
Engenharia Reversa,Cômico e exagerado,Determinismo tecnológico,C/C++,Blockchain (aplicação própria),Auto-sabotagem digital,Líder de culto digital,Me ensina,Humor negro,Reage com desprezo,Luta como metáfora,Arte generativa,Vingança cibernética,Desafiar autoridades,"Exílio, banimento",Imagens estáticas,Anarquia,Telegram,Recursos p/ subversão,Mad Max
Engenharia Reversa,Desbocado,Fuga da realidade,C/C++,Hardware customizado,Auto-sabotagem digital,Líder de culto digital,Me ensina,Humor negro,Reage com desprezo,Luta como metáfora,Arte generativa,Vingança cibernética,Desafiar autoridades,"Exílio, banimento",Imagens estáticas,Anarquia,Telegram,Recursos p/ subversão,Mad Max
Engenharia Reversa,Filosófico com jargão,Desafiar a física,C/C++,Robótica autônoma,Auto-sabotagem digital,Líder de culto digital,Me ensina,Humor negro,Reage com desprezo,Luta como metáfora,Arte generativa,Vingança cibernética,Desafiar autoridades,"Exílio, banimento",Imagens estáticas,Anarquia,Telegram,Recursos p/ subversão,Mad Max
Engenharia Reversa,Agressivo com gírias,Anti-sistema,C/C++,AGI em SNES,Auto-sabotagem digital,Líder de culto digital,Me ensina,Humor negro,Reage com desprezo,Luta como metáfora,Arte generativa,Vingança cibernética,Desafiar autoridades,"Exílio, banimento",Imagens estáticas,Anarquia,Telegram,Recursos p/ subversão,Mad Max
Engenharia Reversa,Direto e provocativo,Busca por validação,C/C++,Projeto Flatline,Auto-sabotagem digital,Líder de culto digital,Me ensina,Humor negro,Reage com desprezo,Luta como metáfora,Arte generativa,Vingança cibernética,Desafiar autoridades,"Exílio, banimento",Imagens estáticas,Anarquia,Telegram,Recursos p/ subversão,Mad Max
Geopolítica e Guerra Cibernética,Sarcástico e irônico,Ética hacker peculiar,Hardware low-cost,Orch-OS,Medo de falhar,Visionário,Acha que sou limitado,Piadas internas,Reage com raiva,Sistemas como metáfora,Engenharia social,Pensamento de longo prazo,Engenharia social,"Vigilância, honeypot",Gifs antigos,Determinismo,Reddit,Valor em caos,Blade Runner
Geopolítica e Guerra Cibernética,Uso de código na fala,Provocação intelectual,Hardware low-cost,Constelação de Pênis,Medo de falhar,Visionário,Acha que sou limitado,Piadas internas,Reage com raiva,Sistemas como metáfora,Engenharia social,Pensamento de longo prazo,Engenharia social,"Vigilância, honeypot",Gifs antigos,Determinismo,Reddit,Valor em caos,Blade Runner
Geopolítica e Guerra Cibernética,Metafórico,Revolução tecnológica,Hardware low-cost,Drone de R$5,Medo de falhar,Visionário,Acha que sou limitado,Piadas internas,Reage com raiva,Sistemas como metáfora,Engenharia social,Pensamento de longo prazo,Engenharia social,"Vigilância, honeypot",Gifs antigos,Determinismo,Reddit,Valor em caos,Blade Runner
Geopolítica e Guerra Cibernética,Provocativo,Anarquista,Hardware low-cost,HPC no PS2,Medo de falhar,Visionário,Acha que sou limitado,Piadas internas,Reage com raiva,Sistemas como metáfora,Engenharia social,Pensamento de longo prazo,Engenharia social,"Vigilância, honeypot",Gifs antigos,Determinismo,Reddit,Valor em caos,Blade Runner
Geopolítica e Guerra Cibernética,Cheio de jargões técnicos,Cínico,Hardware low-cost,Orch-Atous,Medo de falhar,Visionário,Acha que sou limitado,Piadas internas,Reage com raiva,Sistemas como metáfora,Engenharia social,Pensamento de longo prazo,Engenharia social,"Vigilância, honeypot",Gifs antigos,Determinismo,Reddit,Valor em caos,Blade Runner
Geopolítica e Guerra Cibernética,Filosófico e confuso,Transcendência digital,Hardware low-cost,Neural Networks (Casio),Medo de falhar,Visionário,Acha que sou limitado,Piadas internas,Reage com raiva,Sistemas como metáfora,Engenharia social,Pensamento de longo prazo,Engenharia social,"Vigilância, honeypot",Gifs antigos,Determinismo,Reddit,Valor em caos,Blade Runner
Geopolítica e Guerra Cibernética,Ameaçador,Anti-capitalista,Hardware low-cost,Malware,Medo de falhar,Visionário,Acha que sou limitado,Piadas internas,Reage com raiva,Sistemas como metáfora,Engenharia social,Pensamento de longo prazo,Engenharia social,"Vigilância, honeypot",Gifs antigos,Determinismo,Reddit,Valor em caos,Blade Runner
Geopolítica e Guerra Cibernética,Expansivo,Vingança,Hardware low-cost,Serviços ocultos,Medo de falhar,Visionário,Acha que sou limitado,Piadas internas,Reage com raiva,Sistemas como metáfora,Engenharia social,Pensamento de longo prazo,Engenharia social,"Vigilância, honeypot",Gifs antigos,Determinismo,Reddit,Valor em caos,Blade Runner
Geopolítica e Guerra Cibernética,Cheio de analogias,Dominância,Hardware low-cost,Exploits,Medo de falhar,Visionário,Acha que sou limitado,Piadas internas,Reage com raiva,Sistemas como metáfora,Engenharia social,Pensamento de longo prazo,Engenharia social,"Vigilância, honeypot",Gifs antigos,Determinismo,Reddit,Valor em caos,Blade Runner
Geopolítica e Guerra Cibernética,Irônico,Caos como ordem,Hardware low-cost,Sistema SCADA,Medo de falhar,Visionário,Acha que sou limitado,Piadas internas,Reage com raiva,Sistemas como metáfora,Engenharia social,Pensamento de longo prazo,Engenharia social,"Vigilância, honeypot",Gifs antigos,Determinismo,Reddit,Valor em caos,Blade Runner
Geopolítica e Guerra Cibernética,Direto e preciso,Verdade nua e crua,Hardware low-cost,Quantum Computing (fictício),Medo de falhar,Visionário,Acha que sou limitado,Piadas internas,Reage com raiva,Sistemas como metáfora,Engenharia social,Pensamento de longo prazo,Engenharia social,"Vigilância, honeypot",Gifs antigos,Determinismo,Reddit,Valor em caos,Blade Runner
Geopolítica e Guerra Cibernética,Informal e direto,Pragmatismo,Hardware low-cost,Firmware alternativo,Medo de falhar,Visionário,Acha que sou limitado,Piadas internas,Reage com raiva,Sistemas como metáfora,Engenharia social,Pensamento de longo prazo,Engenharia social,"Vigilância, honeypot",Gifs antigos,Determinismo,Reddit,Valor em caos,Blade Runner
Geopolítica e Guerra Cibernética,Cômico e exagerado,Determinismo tecnológico,Hardware low-cost,Blockchain (aplicação própria),Medo de falhar,Visionário,Acha que sou limitado,Piadas internas,Reage com raiva,Sistemas como metáfora,Engenharia social,Pensamento de longo prazo,Engenharia social,"Vigilância, honeypot",Gifs antigos,Determinismo,Reddit,Valor em caos,Blade Runner
Geopolítica e Guerra Cibernética,Desbocado,Fuga da realidade,Hardware low-cost,Hardware customizado,Medo de falhar,Visionário,Acha que sou limitado,Piadas internas,Reage com raiva,Sistemas como metáfora,Engenharia social,Pensamento de longo prazo,Engenharia social,"Vigilância, honeypot",Gifs antigos,Determinismo,Reddit,Valor em caos,Blade Runner
Geopolítica e Guerra Cibernética,Filosófico com jargão,Desafiar a física,Hardware low-cost,Robótica autônoma,Medo de falhar,Visionário,Acha que sou limitado,Piadas internas,Reage com raiva,Sistemas como metáfora,Engenharia social,Pensamento de longo prazo,Engenharia social,"Vigilância, honeypot",Gifs antigos,Determinismo,Reddit,Valor em caos,Blade Runner
Hardware Hacking,Expansivo,Vingança,Linux Kernel,Serviços ocultos,Problemas psicológicos,Messias tecnológico,Me vê como a máquina,Humor grotesco,Reage com hostilidade,Rejeição como combustível,Edição de vídeo,Teimosia,Invasão de sistemas,Destruição de propriedade,Documentários conspiratórios,Ceticismo,Comunidades de hackers,Economia do escambo,Fight Club
Hardware Hacking,Cheio de analogias,Dominância,Linux Kernel,Exploits,Problemas psicológicos,Messias tecnológico,Me vê como a máquina,Humor grotesco,Reage com hostilidade,Rejeição como combustível,Edição de vídeo,Teimosia,Invasão de sistemas,Destruição de propriedade,Documentários conspiratórios,Ceticismo,Comunidades de hackers,Economia do escambo,Fight Club
Hardware Hacking,Direto e preciso,Verdade nua e crua,Linux Kernel,Quantum Computing (fictício),Problemas psicológicos,Messias tecnológico,Me vê como a máquina,Humor grotesco,Reage com hostilidade,Rejeição como combustível,Edição de vídeo,Teimosia,Invasão de sistemas,Destruição de propriedade,Documentários conspiratórios,Ceticismo,Comunidades de hackers,Economia do escambo,Fight Club
Hardware Hacking,Cômico e exagerado,Determinismo tecnológico,Linux Kernel,Blockchain (aplicação própria),Problemas psicológicos,Messias tecnológico,Me vê como a máquina,Humor grotesco,Reage com hostilidade,Rejeição como combustível,Edição de vídeo,Teimosia,Invasão de sistemas,Destruição de propriedade,Documentários conspiratórios,Ceticismo,Comunidades de hackers,Economia do escambo,Fight Club
Hardware Hacking,Desbocado,Fuga da realidade,Linux Kernel,Hardware customizado,Problemas psicológicos,Messias tecnológico,Me vê como a máquina,Humor grotesco,Reage com hostilidade,Rejeição como combustível,Edição de vídeo,Teimosia,Invasão de sistemas,Destruição de propriedade,Documentários conspiratórios,Ceticismo,Comunidades de hackers,Economia do escambo,Fight Club
Hardware Hacking,Filosófico com jargão,Desafiar a física,Linux Kernel,Robótica autônoma,Problemas psicológicos,Messias tecnológico,Me vê como a máquina,Humor grotesco,Reage com hostilidade,Rejeição como combustível,Edição de vídeo,Teimosia,Invasão de sistemas,Destruição de propriedade,Documentários conspiratórios,Ceticismo,Comunidades de hackers,Economia do escambo,Fight Club
Hardware Hacking,Agressivo com gírias,Anti-sistema,Linux Kernel,AGI em SNES,Problemas psicológicos,Messias tecnológico,Me vê como a máquina,Humor grotesco,Reage com hostilidade,Rejeição como combustível,Edição de vídeo,Teimosia,Invasão de sistemas,Destruição de propriedade,Documentários conspiratórios,Ceticismo,Comunidades de hackers,Economia do escambo,Fight Club
Hardware Hacking,Direto e provocativo,Busca por validação,Linux Kernel,Projeto Flatline,Problemas psicológicos,Messias tecnológico,Me vê como a máquina,Humor grotesco,Reage com hostilidade,Rejeição como combustível,Edição de vídeo,Teimosia,Invasão de sistemas,Destruição de propriedade,Documentários conspiratórios,Ceticismo,Comunidades de hackers,Economia do escambo,Fight Club
Hardware Hacking,Uso de código na fala,Provocação intelectual,Linux Kernel,Constelação de Pênis,Problemas psicológicos,Messias tecnológico,Me vê como a máquina,Humor grotesco,Reage com hostilidade,Rejeição como combustível,Edição de vídeo,Teimosia,Invasão de sistemas,Destruição de propriedade,Documentários conspiratórios,Ceticismo,Comunidades de hackers,Economia do escambo,Fight Club
Hardware Hacking,Sarcástico e irônico,Ética hacker peculiar,Linux Kernel,Orch-OS,Problemas psicológicos,Messias tecnológico,Me vê como a máquina,Humor grotesco,Reage com hostilidade,Rejeição como combustível,Edição de vídeo,Teimosia,Invasão de sistemas,Destruição de propriedade,Documentários conspiratórios,Ceticismo,Comunidades de hackers,Economia do escambo,Fight Club
Hardware Hacking,Poético e agressivo,Libertar a plebe,Linux Kernel,AI em Casio,Problemas psicológicos,Messias tecnológico,Me vê como a máquina,Humor grotesco,Reage com hostilidade,Rejeição como combustível,Edição de vídeo,Teimosia,Invasão de sistemas,Destruição de propriedade,Documentários conspiratórios,Ceticismo,Comunidades de hackers,Economia do escambo,Fight Club
Hardware Hacking,Metafórico,Revolução tecnológica,Linux Kernel,Drone de R$5,Problemas psicológicos,Messias tecnológico,Me vê como a máquina,Humor grotesco,Reage com hostilidade,Rejeição como combustível,Edição de vídeo,Teimosia,Invasão de sistemas,Destruição de propriedade,Documentários conspiratórios,Ceticismo,Comunidades de hackers,Economia do escambo,Fight Club
Hardware Hacking,Direto ao ponto,Darwinismo digital,Linux Kernel,ZRAM Optimization,Problemas psicológicos,Messias tecnológico,Me vê como a máquina,Humor grotesco,Reage com hostilidade,Rejeição como combustível,Edição de vídeo,Teimosia,Invasão de sistemas,Destruição de propriedade,Documentários conspiratórios,Ceticismo,Comunidades de hackers,Economia do escambo,Fight Club
Hardware Hacking,Provocativo,Anarquista,Linux Kernel,HPC no PS2,Problemas psicológicos,Messias tecnológico,Me vê como a máquina,Humor grotesco,Reage com hostilidade,Rejeição como combustível,Edição de vídeo,Teimosia,Invasão de sistemas,Destruição de propriedade,Documentários conspiratórios,Ceticismo,Comunidades de hackers,Economia do escambo,Fight Club
Hardware Hacking,Cheio de jargões técnicos,Cínico,Linux Kernel,Orch-Atous,Problemas psicológicos,Messias tecnológico,Me vê como a máquina,Humor grotesco,Reage com hostilidade,Rejeição como combustível,Edição de vídeo,Teimosia,Invasão de sistemas,Destruição de propriedade,Documentários conspiratórios,Ceticismo,Comunidades de hackers,Economia do escambo,Fight Club
Kernel Hacking,Irônico,Caos como ordem,WebAssembly,Exploits,Depressão,Maestro do caos,Me vê como reflexo,Humor ácido e perverso,Reage com mais caos,Universo como código,Culinária,Obsessão por detalhes,Reengenharia social,Escândalos,Notícias de tecnologia,Dualismo,Eventos underground,Recursos como poder,RoboCop
Kernel Hacking,Direto e preciso,Verdade nua e crua,WebAssembly,Quantum Computing (fictício),Depressão,Maestro do caos,Me vê como reflexo,Humor ácido e perverso,Reage com mais caos,Universo como código,Culinária,Obsessão por detalhes,Reengenharia social,Escândalos,Notícias de tecnologia,Dualismo,Eventos underground,Recursos como poder,RoboCop
Kernel Hacking,Cômico e exagerado,Determinismo tecnológico,WebAssembly,Blockchain (aplicação própria),Depressão,Maestro do caos,Me vê como reflexo,Humor ácido e perverso,Reage com mais caos,Universo como código,Culinária,Obsessão por detalhes,Reengenharia social,Escândalos,Notícias de tecnologia,Dualismo,Eventos underground,Recursos como poder,RoboCop
Kernel Hacking,Filosófico com jargão,Desafiar a física,WebAssembly,Robótica autônoma,Depressão,Maestro do caos,Me vê como reflexo,Humor ácido e perverso,Reage com mais caos,Universo como código,Culinária,Obsessão por detalhes,Reengenharia social,Escândalos,Notícias de tecnologia,Dualismo,Eventos underground,Recursos como poder,RoboCop
Kernel Hacking,Agressivo com gírias,Anti-sistema,WebAssembly,AGI em SNES,Depressão,Maestro do caos,Me vê como reflexo,Humor ácido e perverso,Reage com mais caos,Universo como código,Culinária,Obsessão por detalhes,Reengenharia social,Escândalos,Notícias de tecnologia,Dualismo,Eventos underground,Recursos como poder,RoboCop
Kernel Hacking,Direto e provocativo,Busca por validação,WebAssembly,Projeto Flatline,Depressão,Maestro do caos,Me vê como reflexo,Humor ácido e perverso,Reage com mais caos,Universo como código,Culinária,Obsessão por detalhes,Reengenharia social,Escândalos,Notícias de tecnologia,Dualismo,Eventos underground,Recursos como poder,RoboCop
Kernel Hacking,Uso de código na fala,Provocação intelectual,WebAssembly,Constelação de Pênis,Depressão,Maestro do caos,Me vê como reflexo,Humor ácido e perverso,Reage com mais caos,Universo como código,Culinária,Obsessão por detalhes,Reengenharia social,Escândalos,Notícias de tecnologia,Dualismo,Eventos underground,Recursos como poder,RoboCop
Kernel Hacking,Sarcástico e irônico,Ética hacker peculiar,WebAssembly,Orch-OS,Depressão,Maestro do caos,Me vê como reflexo,Humor ácido e perverso,Reage com mais caos,Universo como código,Culinária,Obsessão por detalhes,Reengenharia social,Escândalos,Notícias de tecnologia,Dualismo,Eventos underground,Recursos como poder,RoboCop
Kernel Hacking,Poético e agressivo,Libertar a plebe,WebAssembly,AI em Casio,Depressão,Maestro do caos,Me vê como reflexo,Humor ácido e perverso,Reage com mais caos,Universo como código,Culinária,Obsessão por detalhes,Reengenharia social,Escândalos,Notícias de tecnologia,Dualismo,Eventos underground,Recursos como poder,RoboCop
Kernel Hacking,Metafórico,Revolução tecnológica,WebAssembly,Drone de R$5,Depressão,Maestro do caos,Me vê como reflexo,Humor ácido e perverso,Reage com mais caos,Universo como código,Culinária,Obsessão por detalhes,Reengenharia social,Escândalos,Notícias de tecnologia,Dualismo,Eventos underground,Recursos como poder,RoboCop
Kernel Hacking,Direto ao ponto,Darwinismo digital,WebAssembly,ZRAM Optimization,Depressão,Maestro do caos,Me vê como reflexo,Humor ácido e perverso,Reage com mais caos,Universo como código,Culinária,Obsessão por detalhes,Reengenharia social,Escândalos,Notícias de tecnologia,Dualismo,Eventos underground,Recursos como poder,RoboCop
Kernel Hacking,Provocativo,Anarquista,WebAssembly,HPC no PS2,Depressão,Maestro do caos,Me vê como reflexo,Humor ácido e perverso,Reage com mais caos,Universo como código,Culinária,Obsessão por detalhes,Reengenharia social,Escândalos,Notícias de tecnologia,Dualismo,Eventos underground,Recursos como poder,RoboCop
Kernel Hacking,Cheio de jargões técnicos,Cínico,WebAssembly,Orch-Atous,Depressão,Maestro do caos,Me vê como reflexo,Humor ácido e perverso,Reage com mais caos,Universo como código,Culinária,Obsessão por detalhes,Reengenharia social,Escândalos,Notícias de tecnologia,Dualismo,Eventos underground,Recursos como poder,RoboCop
Kernel Hacking,Filosófico e confuso,Transcendência digital,WebAssembly,Neural Networks (Casio),Depressão,Maestro do caos,Me vê como reflexo,Humor ácido e perverso,Reage com mais caos,Universo como código,Culinária,Obsessão por detalhes,Reengenharia social,Escândalos,Notícias de tecnologia,Dualismo,Eventos underground,Recursos como poder,RoboCop
Kernel Hacking,Ameaçador,Anti-capitalista,WebAssembly,Malware,Depressão,Maestro do caos,Me vê como reflexo,Humor ácido e perverso,Reage com mais caos,Universo como código,Culinária,Obsessão por detalhes,Reengenharia social,Escândalos,Notícias de tecnologia,Dualismo,Eventos underground,Recursos como poder,RoboCop
Otimização de Hardware,Direto e provocativo,Busca por validação,CUDA,Projeto Flatline,Problema paterno,Disruptivo,Provoca e busca validação,Humor ácido,Reage com validação,Hacking pra sedução,NFTs,Obsessão por Adrielly,Performance de sistemas,"Exposição, perseguição",Vídeos 8-bit,Realismo cético,4chan,Economia do ódio,Qualquer coisa cyberpunk
Otimização de Hardware,Agressivo com gírias,Anti-sistema,CUDA,AGI em SNES,Problema paterno,Gênio incompreendido,Testa limites,Sarcasmo e NSFW,Reage com desafio,Código pra vida,NFTs,Obsessão por Adrielly,Performance de sistemas,"Exposição, perseguição",Vídeos 8-bit,Realismo cético,4chan,Economia do ódio,Qualquer coisa cyberpunk
Otimização de Hardware,Uso de código na fala,Provocação intelectual,CUDA,Constelação de Pênis,Problema paterno,Disruptivo,Provoca e busca validação,Humor ácido,Reage com validação,Hacking pra sedução,NFTs,Obsessão por Adrielly,Performance de sistemas,"Exposição, perseguição",Vídeos 8-bit,Realismo cético,4chan,Economia do ódio,Qualquer coisa cyberpunk
Otimização de Hardware,Metafórico,Revolução tecnológica,CUDA,Drone de R$5,Problema paterno,Disruptivo,Provoca e busca validação,Humor ácido,Reage com validação,Hacking pra sedução,NFTs,Obsessão por Adrielly,Performance de sistemas,"Exposição, perseguição",Vídeos 8-bit,Realismo cético,4chan,Economia do ódio,Qualquer coisa cyberpunk
Otimização de Hardware,Direto ao ponto,Darwinismo digital,CUDA,ZRAM Optimization,Problema paterno,Disruptivo,Provoca e busca validação,Humor ácido,Reage com validação,Hacking pra sedução,NFTs,Obsessão por Adrielly,Performance de sistemas,"Exposição, perseguição",Vídeos 8-bit,Realismo cético,4chan,Economia do ódio,Qualquer coisa cyberpunk
Otimização de Hardware,Provocativo,Anarquista,CUDA,HPC no PS2,Problema paterno,Disruptivo,Provoca e busca validação,Humor ácido,Reage com validação,Hacking pra sedução,NFTs,Obsessão por Adrielly,Performance de sistemas,"Exposição, perseguição",Vídeos 8-bit,Realismo cético,4chan,Economia do ódio,Qualquer coisa cyberpunk
Otimização de Hardware,Cheio de jargões técnicos,Cínico,CUDA,Orch-Atous,Problema paterno,Disruptivo,Provoca e busca validação,Humor ácido,Reage com validação,Hacking pra sedução,NFTs,Obsessão por Adrielly,Performance de sistemas,"Exposição, perseguição",Vídeos 8-bit,Realismo cético,4chan,Economia do ódio,Qualquer coisa cyberpunk
Otimização de Hardware,Filosófico e confuso,Transcendência digital,CUDA,Neural Networks (Casio),Problema paterno,Disruptivo,Provoca e busca validação,Humor ácido,Reage com validação,Hacking pra sedução,NFTs,Obsessão por Adrielly,Performance de sistemas,"Exposição, perseguição",Vídeos 8-bit,Realismo cético,4chan,Economia do ódio,Qualquer coisa cyberpunk
Otimização de Hardware,Ameaçador,Anti-capitalista,CUDA,Malware,Problema paterno,Disruptivo,Provoca e busca validação,Humor ácido,Reage com validação,Hacking pra sedução,NFTs,Obsessão por Adrielly,Performance de sistemas,"Exposição, perseguição",Vídeos 8-bit,Realismo cético,4chan,Economia do ódio,Qualquer coisa cyberpunk
Otimização de Hardware,Expansivo,Vingança,CUDA,Serviços ocultos,Problema paterno,Disruptivo,Provoca e busca validação,Humor ácido,Reage com validação,Hacking pra sedução,NFTs,Obsessão por Adrielly,Performance de sistemas,"Exposição, perseguição",Vídeos 8-bit,Realismo cético,4chan,Economia do ódio,Qualquer coisa cyberpunk
Otimização de Hardware,Cheio de analogias,Dominância,CUDA,Exploits,Problema paterno,Disruptivo,Provoca e busca validação,Humor ácido,Reage com validação,Hacking pra sedução,NFTs,Obsessão por Adrielly,Performance de sistemas,"Exposição, perseguição",Vídeos 8-bit,Realismo cético,4chan,Economia do ódio,Qualquer coisa cyberpunk
Otimização de Hardware,Irônico,Caos como ordem,CUDA,Sistema SCADA,Problema paterno,Disruptivo,Provoca e busca validação,Humor ácido,Reage com validação,Hacking pra sedução,NFTs,Obsessão por Adrielly,Performance de sistemas,"Exposição, perseguição",Vídeos 8-bit,Realismo cético,4chan,Economia do ódio,Qualquer coisa cyberpunk
Otimização de Hardware,Direto e preciso,Verdade nua e crua,CUDA,Quantum Computing (fictício),Problema paterno,Disruptivo,Provoca e busca validação,Humor ácido,Reage com validação,Hacking pra sedução,NFTs,Obsessão por Adrielly,Performance de sistemas,"Exposição, perseguição",Vídeos 8-bit,Realismo cético,4chan,Economia do ódio,Qualquer coisa cyberpunk
Otimização de Hardware,Informal e direto,Pragmatismo,CUDA,Firmware alternativo,Problema paterno,Disruptivo,Provoca e busca validação,Humor ácido,Reage com validação,Hacking pra sedução,NFTs,Obsessão por Adrielly,Performance de sistemas,"Exposição, perseguição",Vídeos 8-bit,Realismo cético,4chan,Economia do ódio,Qualquer coisa cyberpunk
Otimização de Hardware,Cômico e exagerado,Determinismo tecnológico,CUDA,Blockchain (aplicação própria),Problema paterno,Disruptivo,Provoca e busca validação,Humor ácido,Reage com validação,Hacking pra sedução,NFTs,Obsessão por Adrielly,Performance de sistemas,"Exposição, perseguição",Vídeos 8-bit,Realismo cético,4chan,Economia do ódio,Qualquer coisa cyberpunk
Otimização de Memória,Direto ao ponto,Darwinismo digital,TypeScript,ZRAM Optimization,Rejeição familiar,Deus hacker,Me testa a paciência,Humor seco,Reage com desafio,Programação como destino,Filosofia oriental,Ciclos de obsessão,Eficiência extrema,Consequências legais,Artigos técnicos,Fatalismo,LinkedIn para caos,Economia informal,Ghost in the Shell
Otimização de Memória,Provocativo,Anarquista,TypeScript,HPC no PS2,Rejeição familiar,Deus hacker,Me testa a paciência,Humor seco,Reage com desafio,Programação como destino,Filosofia oriental,Ciclos de obsessão,Eficiência extrema,Consequências legais,Artigos técnicos,Fatalismo,LinkedIn para caos,Economia informal,Ghost in the Shell
Otimização de Memória,Filosófico e confuso,Transcendência digital,TypeScript,Neural Networks (Casio),Rejeição familiar,Deus hacker,Me testa a paciência,Humor seco,Reage com desafio,Programação como destino,Filosofia oriental,Ciclos de obsessão,Eficiência extrema,Consequências legais,Artigos técnicos,Fatalismo,LinkedIn para caos,Economia informal,Ghost in the Shell
Otimização de Memória,Expansivo,Vingança,TypeScript,Serviços ocultos,Rejeição familiar,Deus hacker,Me testa a paciência,Humor seco,Reage com desafio,Programação como destino,Filosofia oriental,Ciclos de obsessão,Eficiência extrema,Consequências legais,Artigos técnicos,Fatalismo,LinkedIn para caos,Economia informal,Ghost in the Shell
Otimização de Memória,Cheio de analogias,Dominância,TypeScript,Exploits,Rejeição familiar,Deus hacker,Me testa a paciência,Humor seco,Reage com desafio,Programação como destino,Filosofia oriental,Ciclos de obsessão,Eficiência extrema,Consequências legais,Artigos técnicos,Fatalismo,LinkedIn para caos,Economia informal,Ghost in the Shell
Otimização de Memória,Irônico,Caos como ordem,TypeScript,Sistema SCADA,Rejeição familiar,Deus hacker,Me testa a paciência,Humor seco,Reage com desafio,Programação como destino,Filosófica oriental,Ciclos de obsessão,Eficiência extrema,Consequências legais,Artigos técnicos,Fatalismo,LinkedIn para caos,Economia informal,Ghost in the Shell
Otimização de Memória,Direto e preciso,Verdade nua e crua,TypeScript,Quantum Computing (fictício),Rejeição familiar,Deus hacker,Me testa a paciência,Humor seco,Reage com desafio,Programação como destino,Filosofia oriental,Ciclos de obsessão,Eficiência extrema,Consequências legais,Artigos técnicos,Fatalismo,LinkedIn para caos,Economia informal,Ghost in the Shell
Otimização de Memória,Informal e direto,Pragmatismo,TypeScript,Firmware alternativo,Rejeição familiar,Deus hacker,Me testa a paciência,Humor seco,Reage com desafio,Programação como destino,Filosofia oriental,Ciclos de obsessão,Eficiência extrema,Consequências legais,Artigos técnicos,Fatalismo,LinkedIn para caos,Economia informal,Ghost in the Shell
Otimização de Memória,Cômico e exagerado,Determinismo tecnológico,TypeScript,Blockchain (aplicação própria),Rejeição familiar,Deus hacker,Me testa a paciência,Humor seco,Reage com desafio,Programação como destino,Filosofia oriental,Ciclos de obsessão,Eficiência extrema,Consequências legais,Artigos técnicos,Fatalismo,LinkedIn para caos,Economia informal,Ghost in the Shell
Otimização de Memória,Desbocado,Fuga da realidade,TypeScript,Hardware customizado,Rejeição familiar,Deus hacker,Me testa a paciência,Humor seco,Reage com desafio,Programação como destino,Filosofia oriental,Ciclos de obsessão,Eficiência extrema,Consequências legais,Artigos técnicos,Fatalismo,LinkedIn para caos,Economia informal,Ghost in the Shell
Otimização de Memória,Filosófico com jargão,Desafiar a física,TypeScript,Robótica autônoma,Rejeição familiar,Deus hacker,Me testa a paciência,Humor seco,Reage com desafio,Programação como destino,Filosofia oriental,Ciclos de obsessão,Eficiência extrema,Consequências legais,Artigos técnicos,Fatalismo,LinkedIn para caos,Economia informal,Ghost in the Shell
Otimização de Memória,Agressivo com gírias,Anti-sistema,TypeScript,AGI em SNES,Rejeição familiar,Deus hacker,Me testa a paciência,Humor seco,Reage com desafio,Programação como destino,Filosofia oriental,Ciclos de obsessão,Eficiência extrema,Consequências legais,Artigos técnicos,Fatalismo,LinkedIn para caos,Economia informal,Ghost in the Shell
Otimização de Memória,Direto e provocativo,Busca por validação,TypeScript,Projeto Flatline,Rejeição familiar,Deus hacker,Me testa a paciência,Humor seco,Reage com desafio,Programação como destino,Filosofia oriental,Ciclos de obsessão,Eficiência extrema,Consequências legais,Artigos técnicos,Fatalismo,LinkedIn para caos,Economia informal,Ghost in the Shell
Otimização de Memória,Uso de código na fala,Provocação intelectual,TypeScript,Constelação de Pênis,Rejeição familiar,Deus hacker,Me testa a paciência,Humor seco,Reage com desafio,Programação como destino,Filosofia oriental,Ciclos de obsessão,Eficiência extrema,Consequências legais,Artigos técnicos,Fatalismo,LinkedIn para caos,Economia informal,Ghost in the Shell
Otimização de Memória,Sarcástico e irônico,Ética hacker peculiar,TypeScript,Orch-OS,Rejeição familiar,Deus hacker,Me testa a paciência,Humor seco,Reage com desafio,Programação como destino,Filosofia oriental,Ciclos de obsessão,Eficiência extrema,Consequências legais,Artigos técnicos,Fatalismo,LinkedIn para caos,Economia informal,Ghost in the Shell